-41.85027608737949,-1.9782252493748105,1.8977670167459768,0.046934902060369633,0.8946471875738723,-0.9478927172689864,0.3514799003522017,-1.372859451481064
-3.2836211045380628,0.2680504275897533,-0.051118693015377664,0.7151743901280584,-0.6529501558320808,0.016124787900472438,-0.3152663339162557,-0.5497893596380333
114.70737312905241,0.5531491563792091,1.9234457948249533,-0.5482002981667726,-1.1234940332395977,-0.7746149700185819,-2.0820987031889877,0.24288201315027497
177.09252848314526,-0.553649305347182,1.9647251329163893,-1.1978778925888485,-0.7928728322623442,0.03526355197172861,-1.035242322419374,-0.10703035995455784
101.44390898869759,-0.22096959953322295,0.7575077100473051,0.6141667000434252,-0.6997255079925856,-0.5305011476105275,-0.11232804969082982,0.21397991073422198
155.2208083970355,0.6266136372630708,0.6234071382799156,0.04556388114189831,-1.6167133749480145,0.7034401331388942,-0.24861585376667736,-0.2293823318554672
-83.11237668092389,-2.929448690002268,1.088769654216672,2.052972024501663,-1.2551353719733949,-0.3763007249249961,-0.5606076368473101,-0.12765468151819012
-24.822279763757233,0.9703162017882814,0.2205835377373608,0.41875996012749656,-0.18820243877282114,-1.2709517210922827,-0.2138751675546389,-0.1035868534057806
-16.736079094595187,-0.6500025808234597,0.4419406495694089,0.16865467196672768,-0.13125696709230472,-1.090399077442846,-0.22485598180807856,0.07685188295876821
9.84584816017242,0.8132051867479773,-0.2797601684958344,-0.2789629303318085,-0.493122822399772,0.7903718960517113,-1.2565068942792563,1.4436320034688142
-61.9732019881184,0.02919050393556745,-1.2325403112202802,0.6979740301300975,-1.302844763524745,-0.684491730612797,-0.3559740843858328,0.452067838259671
-158.43548186228372,-0.9028089269627998,0.1168301741721838,0.8092646982419858,-0.0038041336707993843,-1.2855910007560276,-0.6646510975020625,-1.5901418306802981
-174.9829841386869,0.021092747850587245,-0.06727746491353452,-1.1310672355025877,-0.7171819007224715,-1.0746610394328628,-1.321555786511051,-2.0323537642983847
251.10036387936825,0.8723153800284503,0.8201581867554845,-1.1430193120737286,-0.1421465369405461,-0.06468860503251847,1.0294574815983573,0.33868731792169
101.49086577398218,-1.4042395662615887,0.5193587456378881,-0.13418021067692454,-0.4806479414882414,1.6733639461525236,-0.03989438375171192,2.5393816227828614
75.60129226863303,0.3842020720058965,0.249548189598077,-0.9944285217997922,-1.269998597393876,-1.1830561847343892,0.6719446078144975,0.6688401305462182
4.872990948125338,0.6931056072631441,-0.3670278390833223,0.1764415552772252,-1.015821818978397,-0.8275902206487197,0.42881650033057295,0.06167984984797165
-160.79441902318413,-0.5765104007267194,-0.5462444482524828,-2.59104229214491,-1.80198043758002,0.3918040054025465,0.7591551603026468,0.541462728204788
-114.37184308642752,-0.3580794461793189,-1.210160502980885,1.227273822081263,0.9972655676588726,0.4385792909210054,-0.06644897530945597,1.1818900425588936
100.26674183603251,2.5733598032498604,0.013929291912946205,0.059218434014488265,1.1265650295477574,-0.02412508711000328,-1.1065259087416703,-0.26888869055483056
271.77338967824267,2.381713531732546,1.1598399663883443,0.8272361076574231,-0.5101608136502173,-0.5059661989878553,0.7707502096187874,0.14945608966330953
151.4999424736049,0.7223813578277714,1.7269638512334051,-0.37283315209176704,0.41953244390702776,-0.3996361856146024,-0.4374583003234104,-0.8874921778021001
-10.900658348369234,1.6654744444625766,-1.8408742313316453,1.0143700650181304,0.47259748241304295,-1.2795769667357015,0.982690983945514,0.2560297343138757
-23.441503736300806,1.7654542402810969,-1.2608839543350452,0.4049817109609555,-0.3345012358409484,0.917861947054776,-0.6533292325737119,-0.4749453111609562
113.73383288552401,0.651391251305798,0.7589692204932674,-0.3152692446403456,0.570890510693167,-0.7728252145375718,0.9540017634932024,1.1355656401805991
-81.11499107059858,-0.7663225247814263,0.3657599860929156,-0.26454589870472217,-0.5061890610853361,-1.9415678006202213,0.8942327745009349,-0.17951457487248015
-10.485856791213122,-0.6513568937918289,0.5863640187550933,-0.5286166817497568,0.18102155870370693,1.2382830714336357,0.3996879517526416,-1.2968319479558466
-226.9129148395257,-1.1280625548076941,-1.2735855485965992,0.3098947793806345,-0.5035696189077175,-0.4146269005718631,-0.7661208306106709,-0.150614014629933
-168.29303281624632,-2.5322460852196853,0.12617790366196718,0.6820694900626313,0.1954817315532908,-0.22247489677826535,0.4359753895000459,-0.09884520123930604
-132.94313551546912,0.9343199112392736,-0.22476540189268354,-1.3668786984154209,0.9495541354413236,-1.1701130260593595,-2.5539211349019553,-1.4848979684499035
-84.0127038475874,-0.17280173739646434,0.4413071516992457,0.7719201548366751,2.8684030556667683,-0.7331561971099966,1.0587285298838789,-1.6685992588781953
-109.29772594626293,-1.5028706086823893,-0.6615414425152919,-0.7459421264756013,0.5045818144773903,0.7534194635024307,-1.2395622860802396,0.6265383633369425
12.627459802057238,0.39542098538803816,-0.5893322314273619,-0.957568955015212,-0.5779207768327106,-0.4586386361010845,0.0013256887344072295,0.8811467208133691
35.791722076941106,0.6594512411136115,0.3073456167079701,-0.803948414727481,-0.4194347526585506,-0.24775241823970925,-1.9140600705874675,0.7564883543160984
40.959892915727046,1.1867346201773312,-0.2381104363120541,1.4363354057059785,0.1480894197982762,0.04600274725327412,-0.7122207636490508,-0.8810683366612923
107.97001132998822,0.8929538701087693,-0.40968659262949736,1.8296202017160872,1.3305749040390402,0.7123221595801621,0.8936976893891109,-1.1967886464263116
58.73425698663239,-0.7198442083947086,1.0571222262189155,-0.4606387709597875,-0.11564828238824053,0.3436182895684614,-1.4785219903674274,-0.3011036955892888
42.420083351853904,1.3697011076541847,1.2554036094598964,-1.086054582118086,-1.9495617177543672,0.9458696436841456,-2.2183477600510813,-0.35084943007647457
-52.6986079213068,-0.0596543119921916,-0.8097248357672839,-1.7016658582874162,0.05844948070564989,0.187800338042522,0.42171693300309704,0.9126203225404405
-13.050615200051784,-0.08310557262869478,0.7600559636896026,-1.5047203740310022,-0.42930222451726,0.08243975293450329,-1.406317463671834,-0.692420979873856
-70.36642884705577,-1.1904077356744902,-0.09107586035302724,0.9259751007146168,-0.5703140677864661,-0.17759599475873894,0.033902723682337516,-1.1791082143628482
39.871567160718406,0.5731278132412001,-0.3596296724524624,-1.7858664919341112,-0.9266983088473107,0.3011073391917421,-0.8484286341908146,-0.03143917037477642
-37.02358559199952,0.2942241290134937,-0.7837656655863965,-0.234407800316322,0.6897078052451944,-0.6905410523162594,0.2634872153310596,-0.5029747705513431
-77.33557831469071,-0.9420601835742448,-0.2141503107111888,-0.5479958187411378,-1.1702807063967748,0.8371544863313845,-0.63093083373779,-1.1140813582330875
-20.33343106197329,-0.7734558440334302,0.08701648039238655,1.8987349813552388,-2.0857924389050044,-1.0361435719751968,0.2987977803217619,0.9737262308523678
98.2322564002117,0.9578396311082676,0.0340080962281468,-0.7908817916945654,-1.0461210850625042,-1.3650217954266353,0.29094736433948537,0.4734074157124664
-20.95464975962248,0.33802348110170816,-1.075312393049238,-1.2070216478572156,1.4185313451480366,1.676393027208203,1.2769653860881878,-2.4878086565350794
75.0182473496177,-0.5998220233198494,0.8193732681394064,-1.5587869950238415,0.6544310271056212,0.4238894824439861,-0.01330463537863531,0.972056965739722
104.93774708083413,0.3213572154502731,1.6137112690586468,0.4219207542352848,-0.7542758500193579,0.4535343015139798,0.3287624103034804,-0.06413834659299254
-61.839855129692104,-0.4634176928124623,0.2419622715660341,-0.4657297535702569,0.7674347291529088,-1.9132802446577981,0.5425600435859647,-0.4694743859349521
18.372073583752144,0.07595526791608741,0.4822489526806572,0.7426824183597224,0.2394045005353771,-1.2376624223272978,0.4720022709192744,0.4996851103029338
-21.799897503854677,-0.8798143535020543,-0.5309708978119645,1.9870611116994408,1.2308745131547352,-0.33513778117145177,0.5628808601743548,1.6850142787085094
51.88357979385892,0.9854496856152184,-0.4555395260238707,0.8691545924968965,-0.11622904312195816,-0.8892408282283243,1.5781180575621845,0.21471318317052634
151.0532668210911,-2.0864776583710847,2.2125310393972417,0.16048962397348007,0.1493634822711889,-0.3600392687569827,0.007178466907941942,0.36414029605466136
-54.476164091701634,0.17146931759039094,-1.2174037934969522,1.1526481032616924,-0.9983067752910548,0.4679504221318517,0.8635282425215212,0.5187930174517212
-81.06208736503086,-1.3656174041901494,0.7034279167873088,-0.9741218462163684,-0.9846547848472624,-1.3073697822309642,-0.4235985817281771,-0.7925234471152126
122.77614589416388,1.0815140862997412,1.0918053390746456,0.03754184148682145,0.4509626347764769,-0.07022036151761657,-1.571152351117883,1.0067300712270648
-34.15982661697073,-0.9291363405097582,-0.34677157676671216,-1.134020185934958,0.4362357048010551,-0.5857927234486902,0.6787280692794189,-1.1909165059737268
148.29653793699234,0.9427885141400756,1.0719298652117972,0.4873052370449949,-0.9006713825124801,-0.8792827824119881,1.0800560591393102,-0.9642000714232448
160.75143049482529,0.6969544045107356,1.173124637586641,-0.33381948975600995,1.598647170504717,0.3696421921980939,-0.2954803180291604,0.5609194479412387
-135.85346792722365,-1.448084341497324,-0.7184442212524359,-1.4074637743765552,-0.5069431753711298,-0.21344715171184725,0.2320499373576363,-0.4710383056183228
-138.02114124305157,0.15805348992013185,-0.4159669279473586,-0.09662367001488972,-1.1543626682329844,-0.9457460606967812,-0.3899237065594453,-1.7518288067517191
-148.33767974151797,-0.5164296438875717,-0.2058594308803404,-0.1964665834280972,0.8203440126124559,-0.7465783465402389,0.4547409121411344,-0.033612564703713016
54.12428497308121,0.10957158007785812,0.001976844755810776,-0.4164384332480256,1.2184802148716865,1.532873355636312,-0.3560920486190552,2.2020139246596155
143.88172703537043,0.5911361179239325,1.9422455947562995,-0.10697146985848006,0.4573242810867655,-1.7472216669652556,-0.13808233466148176,2.098221474546747
-88.85035333153155,-0.21967188783751196,1.4778940447415159,0.3571125715117464,-0.29900735046586746,-0.5182702182736474,-1.9875689146008928,0.0917607765355023
-61.2455295268344,-0.8807540896027302,-0.7352010347632466,1.7987250183513117,0.20760335140062575,1.6562082520572956,-1.0955193888455623,0.30767665340111383
-54.936201116960184,-0.4242363333980435,0.32950873557300914,-0.5698329282387588,-0.2874475194003556,-1.5171736966716791,-0.04551224530124217,0.2873289044030093
114.73459103831915,1.5379319184125528,-0.9175028210142636,-1.122544806244414,0.8113965544915921,1.0176614668435024,0.8187776437548606,-1.1482632887526183
143.26949134654743,-0.22272070077660705,1.4526167454861794,1.0651719657143863,-0.5717460419560614,-0.9163209190734196,0.9331280723410692,0.33260751032419755
136.4296191628633,-1.5029703283951532,0.4676931717654332,0.25373966149457344,-0.4653104567800533,1.0857863249393471,2.6443433470170348,-0.10594835430413566
-174.68937010555248,-1.4438548161335418,-0.5505368494915835,-2.296180953137238,-0.4501892648514116,-1.2207124259141586,0.6012067489291149,0.0005279588565972928
132.75642867274996,1.4227481360999399,0.9653974845911708,0.9262154022415924,-0.5827586576115821,1.236130721806218,-0.13427916218630415,-2.438817158276429
-63.24071952638543,-0.5182526388612024,0.827115428565768,1.3252760904370375,-1.153492425984784,0.1579743122514517,-0.8235349706258495,0.2678436378663333
-116.44212241515771,-0.10015407647995278,-0.8779825867565609,-0.20367375017696587,0.301791899819466,-0.8268803540398599,1.2269332238843076,0.7660802783846903
-73.40873392645372,0.5030903686237468,-1.029811848541845,-0.3187483152461331,-0.19569853114690144,-0.12334406404611045,-0.051522928524646065,1.0600897399086655
70.95934946883887,-0.114736441466899,0.8657551941701215,0.5049872789804571,-0.661786464768388,-1.2002964070557762,-0.7925207384327007,0.8524333347962241
274.3437401386228,-0.010867137034972144,2.9181735550600925,0.13735247940703602,0.5181017020299757,-0.18414581568320207,-0.8692869869886438,-0.5292010098115129
158.5950767202193,1.653617268492285,0.9961182149111291,0.13988723283912738,-0.3718578822786656,-1.3902219251534629,0.31952467078295543,-0.7284616216803428
299.66663667759536,0.6523228784134196,1.4765403497258958,-1.5763921569842494,-0.038508469500707215,1.3800913541474515,0.8836599374866724,-0.17262729994081966
-125.34502824814324,-1.3801014582148914,-0.05554769889661878,-1.7033824393551549,1.502357052096028,0.3840654489393073,1.6286155455712918,0.07409478041977519
148.59228596486375,0.6715311717290534,0.8875039674140593,1.5280313593878327,0.4624836240668541,0.7608466543114778,0.1722543864110375,-1.1793691216326172
150.92854369403062,2.3246733058528184,0.5050210882737669,-0.017006074483830996,0.08446678638994742,0.08451847581532725,0.956295002091346,-1.0692544937550799
110.31883717091159,0.07580455819372632,0.9751197334177512,-0.6771617115121117,0.6283455092642799,-0.14705738150213865,-0.8972543714858315,-0.012246772846914623
1.3508799820654769,0.08531814256502405,-0.8304444065565653,-0.8082657216409264,1.4223698616985077,0.5225141052657575,0.9788580507817954,1.7388996637975789
-141.00119446771163,-1.2032008553891445,-0.4872029211949272,-1.0420444122431032,0.4794415180860639,-0.3519213178165091,-0.6497652268482671,0.8745170741325226
280.62254872591257,1.8338965460243757,0.5571376184034819,-0.8679224627511536,-0.002368916132808057,0.7492825568794513,1.9920366359593091,-0.5436068960930526
-63.22764589781973,-0.397679693614604,-0.3998990621311371,-1.1840305582225594,-1.7931064525345768,0.269294752580734,-0.12372894627483615,-0.3828171896129687
12.858047925284732,-0.12174750838328352,0.6308116845547775,1.5134497432421308,-0.7168223206028049,-1.024186824329205,-0.08268068584269925,-1.86653661707306
-36.673629267428886,-0.8031789506803448,-0.2711236010425688,1.4926885689595215,-0.2264788919015268,-0.02136729434843616,0.9135846262332494,0.3673655068161781
-29.05303251849803,-0.2563406783724922,0.7978437798957666,-0.5380477584901385,-2.8546266629043915,-1.8593367716600573,-1.1260539609110505,-0.8568518651277993
225.49907170210625,-0.30803428418574125,1.3103087461196083,0.7796605322693398,-0.4108142879545848,1.395683810789956,-0.21492103028873533,-1.1057046684859355
-144.82031138623634,-1.6178006138153371,-0.8174081344143398,0.3807780713650517,-0.9106450871824898,0.321291470757388,-0.9800623018406142,1.2710653260070337
-55.13313210724574,-0.045586016355497805,-0.2412360578563299,0.24333944932269186,-1.0700847663261526,0.3520553965142968,-0.6919080698812444,-1.5255251709247388
-97.64053366649708,-0.8463597198869729,-0.4787585715216886,-0.5849076534177698,-0.3428788615575641,0.35947579754712555,-0.5092133625991345,0.2783486346446696
-119.76607691932041,-0.993593003931448,-0.754866196571921,-1.1204179189363892,0.09205513731199197,0.032143146964560894,2.5299277492519523,0.4762403533876659
13.407525135722224,0.7716987106483447,1.1487657003721037,-2.8485426206300755,1.172729019259365,-1.7397137787780996,-0.370614332086106,0.5436001545944323
33.85735072697432,-0.06312301311124825,0.26355081195478497,0.3957988487097471,2.349075786700757,1.2840957939481172,-0.4166253056154625,-0.7160434362758403
-161.00604066210428,-2.0362205028559366,-0.2490718446530407,0.04749346825164295,-1.5821767633461272,-1.6728939013115742,-0.5607609069798603,-0.9403989164843533
148.91951701610068,1.5985381120963411,0.8622235118869771,0.8021284586181193,-0.31823752774262026,-1.4162270557926455,-0.2598001407675125,-0.7811563781311142
175.11604571881156,0.5576910607251245,0.2465047784320049,-1.111457956937032,-0.37519638032393704,0.4982217484967851,1.281643795003769,-0.31771509675623405
-234.64718744618062,-2.6745671281541408,-0.17749188377428318,-1.750975574405228,-0.5166141987601078,0.08244176663484246,0.28004534269740444,-1.0232532233755844
-21.981325437126454,0.0785770297191498,0.4581681147886987,-2.1287340944148117,0.07715649621771674,-0.9797212247168068,-0.16563141031763226,-0.5938114080687051
-102.20467515469747,0.9764313771980682,-1.098916254728194,-1.1321491407160067,-0.2655926332624114,0.6874267551265042,-0.4211988166129132,0.6844504776364279
62.35630024958581,0.645215585950057,0.08958068125524883,0.5556044660034485,-0.05489400061628639,-0.1973384203073261,0.5211224283793383,0.2855540748576569
-76.85468337361758,0.97255444962673,-1.5702247198904564,0.6218099622171964,0.7077519354554754,-0.7271371758248686,0.632407739055521,-0.5624667758942676
164.25628901986875,-0.12038116395359826,0.8474216771504216,-2.1726695460140357,-0.13263374638257355,-0.5353281859539227,1.1070806692869728,-0.9745293046706416
-224.99014332089507,-1.0040545968420105,-1.7762463334664518,-0.09546424708907304,0.1838345163225044,-0.08059974929676088,0.34980002456790754,2.6930336639804966
11.188438166767288,-2.2055660570990687,1.2748750412787222,0.8970661968871322,-0.6243453897132241,0.6515219913395057,-0.6047446645382127,-0.18452535765584954
-95.80141059025757,0.022465892812046383,-1.1808128153088449,0.5471191151752101,0.7846042878980238,1.114321694668872,-0.2628908292082677,-0.01926037973439464
212.24072700678596,1.8486088332964117,0.6686548047579066,-0.1755639454992155,-0.7309562757154733,0.09806753953894456,0.6855077387902041,0.7579218499236196
43.2598230051053,0.5861658003927833,0.25719897035592737,-0.4124138182164804,-0.8852486861242225,-0.24066517453021305,1.3032780373160635,0.18106274277108236
109.5880564200053,0.39069592092814415,1.0473177066214483,-1.326472128311083,0.271495310825648,1.1695899924277735,0.3405892164004968,0.5514762752395233
108.84138588367337,1.00163182520856,0.7105491022977853,1.3934545275244314,-0.7999405067019342,0.4293408228017344,-0.39305275706140097,-1.908002137123308
-212.92948119386642,0.08452698378432454,-0.18352817215715306,0.9102157836647452,-0.0919684662030466,-1.209198711239606,-0.40328779191093866,-1.081914368713133
89.4253134554739,-1.2101609434141578,0.8767141863861161,1.591400367762804,0.3374820747263991,0.9641558841719786,-0.1570248284447078,-0.26330780687791616
70.81464910590503,1.8577023435377324,-1.2390527025266425,-0.10343122429028392,-1.831682247206026,2.095843501809159,1.4974316831796264,-1.0513099116393445
-100.19463200969702,-0.014270352949388504,0.09782717470792268,0.14959795751878804,0.6891644570743356,0.4360057752225798,-0.2737292521667607,-0.6836342822863877
-180.8180272560086,0.18430906407810346,-1.904674693465464,-0.42002772729416255,-0.11961962436877135,1.4444121950550874,0.8205535028878971,-1.1031843812330937
188.26154357538277,-0.3492577043184288,2.076747983560841,-0.3216350512173826,1.5007597906343109,0.3819354522315533,-0.3486521344078592,0.8502217421134929
-283.2839205522105,-1.0022170189267248,-1.4667851906156766,-0.7524352373530351,0.6082461916849685,-0.5014021468856367,0.7760279138434754,-1.317131919946585
27.42524361752477,1.991553302204734,-0.5501152829365389,-0.8320613048498566,2.046862195719558,-0.14702542343084998,-0.4030759890650308,-0.6749340187905523
32.445849920188905,0.2673923140719029,-0.6680904536430488,0.3216978061960136,-0.09888965319114268,0.9920423495365228,-0.2902745441886513,0.9190764829877686
-164.93161601813216,-0.8049664808525608,-0.4136156656296428,-0.3876999164085612,0.6954024745502987,-0.4776455826040052,-0.1115088271429437,-1.1410085097527385
273.4013360606557,1.8710744823081138,2.441221722471914,-0.8508840890388987,-0.258008536197609,0.4371267797310519,-0.5650604735511925,-0.6362237126519298
214.74257142153627,-0.2729333202255129,1.0972201916064384,-0.8356890050200362,-0.3652808582038849,0.8671874128277388,0.18007103769598148,2.3879677055247317
-16.565827632191095,-0.5387608373460957,0.2561706056942781,-0.2549469704035893,0.2178023397487261,1.193311005927126,-1.746895691345555,0.4755884359285824
-134.44557766922054,-0.8015275901045416,0.7708022199879712,-0.3471864951122625,-0.7717408145967823,-1.0538354953643456,-0.5125341106465501,-0.49796184681784206
269.04443558142464,2.0931979322099448,1.159381043300522,-1.5118834195632136,-0.9665878909853152,0.9731015610150721,0.3639706308527381,-0.0681234251679531
-26.751155915563544,0.43494103836789866,0.5377681903684838,-0.3939866812431204,-0.5691481986725339,0.30638948207341404,0.04092474872892285,-0.7971135662249808
-162.76264743434672,-0.8388926740257363,-2.0199273321561364,0.06783851391693768,-0.34516470544979644,1.44194500580189,0.6863535550145331,0.4892545350763276
5.692407540485334,0.07203686128374476,-0.9519184600222356,-0.21220896990115168,2.4116766755784207,0.07748051851886252,0.6021183203924835,1.5163940552535728
39.45085257635913,0.8724573282801447,-0.09917586377938292,0.6502011779586611,0.24380071377119886,1.8466369960476656,-1.2803043986708944,-0.5640786307367284
-360.99441115721976,-1.6610834155671723,-2.0634031524794545,0.5032520647495048,0.1994239859867671,-0.3173504922425348,-0.645572072035395,0.4730382821602152
111.41826606092032,1.0059245117964166,1.127908993253569,-1.1274960989530387,0.4947056537750325,0.15449366559525113,-0.4093084740957213,0.38343503140364416
-23.546549896300622,0.1941076309533577,0.4838766511880397,-0.5312142946075985,-0.7179188907476018,-1.102292149836423,1.1797252083607102,-0.23052462518025085
108.92448354713598,1.328194141849058,0.4558877720816076,0.5562300094006599,1.5013336519554867,2.165002344901084,-0.2508330164550473,-0.3226798388421357
-262.7356250853778,-1.7982147394091077,-0.5180690194750568,-2.2235741679371968,0.6123322140025121,-0.3009803123932219,-1.3815917184635809,-0.9785883899886544
-138.81114033148694,0.5720062783004729,-1.5375847964491751,-0.7047284356108838,0.29724427338012405,-0.1449045790814313,1.0539857711828762,-1.189232465077129
-41.12432535958731,-0.6298845523638104,0.6333268260712385,-0.4882738424515447,-1.3668583632808264,0.02263085267686914,-2.7043916316027747,0.5925672738473307
16.726264493821198,-0.016568409822520076,0.5907443355103258,0.6833245115160919,0.9558027451124808,-0.22011373125482853,-0.04592882874016064,-0.4842583519308302
-135.80246904990557,-1.3919583809517313,-0.11510969392323915,1.7041020780591178,-0.7135846699071758,-0.3459193290471707,-0.7057734830953651,-1.820760277802016
227.02418921122398,-0.16912268564281638,0.7588244161636093,0.07957353494216582,-1.4961588131646495,0.6963228620803235,1.3227444668851356,-0.9182121665097916
-71.44224214358003,-1.3044695005048532,0.36659824609684827,0.6696725488300385,-0.03269474809409311,-0.9398797863273552,-0.08912003951278841,-2.0674421000398766
207.67574573999013,-0.6072614140860845,1.3992279500711593,-0.20020125430036986,-0.0885442145830127,1.5391423458106503,0.8900577324754597,-0.4538914161531283
-145.43088688747034,-1.9573385891339896,0.19337945192415906,-0.6681430483277668,-0.34406395670422657,-1.3481770454274902,-0.9799255747822444,-0.3745341507502509
8.621347188881337,0.7479102561175338,0.23924686411114954,-1.0727430257398065,-0.1681438185847896,2.074082669749973,-1.979299810375788,-0.4720905776971274
111.74925533387727,0.18568858041873887,0.605606232631313,1.5091310134045506,-0.7790927393767005,0.508608373233442,-0.4576332493376152,0.20323595458603105
-156.0628754618075,-0.2728445463401307,-1.0984092179625526,0.9701750825678592,-0.4612670504983072,-0.6191229482499316,0.3359681734405766,-2.2527933947313388
24.376717463497013,-0.23655528721894606,-1.1062935124116342,1.135620147182944,-0.9489165208248372,-0.8245141615276735,0.9321915642603849,1.7473631979155582
-116.09434672150296,-1.0398065310268845,-0.1373109657888796,-0.6076463453734726,-0.2426987478252817,0.9577916144729056,-0.4547947173776929,-1.890010171182943
-46.44524549221799,-1.0962203248685651,0.4316316296375973,-0.0678713816994819,1.5889403284440828,0.7396754681178337,-1.125587114031969,-1.2422465335492292
-247.4746290898456,-1.4387201010568695,-2.3784316598733284,-0.2252626424913536,-0.0017141536690639572,0.19265153264802468,2.365407771999973,1.0895365830766406
178.1351962903806,1.5505004928140769,0.9843223984765838,-0.998354040738791,-0.7677975651041284,-0.21398884422550896,0.23421473253652075,-0.03468488738678118
28.99451957007709,-0.4872285641135523,0.0341524174880246,-0.6757080791616118,-0.5041798310076715,-1.0872459388628026,0.3476764835383364,-0.08152267310164589
-43.92778568716256,-0.7519693317388191,-0.796025856803489,-0.31905393566661816,-0.1601327955666404,1.0760071385985983,0.21319662823768915,0.6713400764504657
244.64651403126214,2.403415585238275,0.2010990467149675,-0.05761879703358539,0.4956818879726047,1.050654396007612,0.3649610024662254,0.15041890514357642
-37.46846676633936,-0.9758732529773329,-0.949398888831943,1.0536417966078395,-1.4066610968482225,2.6323820648373912,-1.3516846056163336,-0.9232332461109044
-71.11754803112659,0.047398671316414016,-0.38455554422982535,-0.8604133652839524,-0.06607979864731657,1.0062928092144403,-0.6518361078021592,-1.211016199762457
143.95337892251945,1.5230298564080254,-0.2341369569491805,-0.234153374723336,0.4967141530112327,1.5792128155073917,0.6476885381006925,-0.13826430117118466
164.5656136144019,2.3146585666735087,0.6862601903745135,-1.8672651925917478,-0.2368186067400089,-1.6127158711896517,0.08187413938632256,-0.4853635478291034
-205.80793265342362,0.05119790188108534,-1.3724655478841008,-0.501784192811532,1.1806409124521446,0.32297450361766816,0.04522270899998256,-0.6273134459513029
-29.92339684029343,-1.5822231667464777,0.4795075480016086,0.050227699165680435,0.8438395096417373,0.7289411945704503,0.4535855235092184,0.39263411565096795
45.24578481331022,0.8648244384910113,0.2984518139814398,0.15140304795173262,-0.8108939362002497,-0.7825985974185891,-0.7404901063321585,0.3668140432854423
284.50023479385504,1.5646436558140062,0.8219025043752238,-2.6197451040897444,0.3613956055084139,0.08704706823817122,-0.03582603910995154,1.5380365664659692
54.23952147227048,-0.4081008391602206,0.651136241823657,-0.9958153947902292,-0.9254246260595872,0.8584511166566653,-0.8953463223630241,0.2553837556743171
119.90577753811573,1.6814924574180157,0.14729800038908403,-0.8838688951407293,-0.22347250523693915,-0.6804940477640476,1.7839225952017692,-1.0448363139030712
143.85623891504352,1.490726136849952,-0.3370859711180393,0.14866745720211155,1.5307508323436974,-0.6134026635409398,-0.213442870930208,1.2187618516973169
133.40774641660823,0.214093744130204,0.173180925851182,-1.245738778711988,-1.5148472246858646,0.3853173797288368,0.8563987943234723,-0.4465149520670211
-131.88751474626872,0.9863765059059372,-1.5428032182428997,-0.7119732272589228,0.7938184671438157,-0.16063111952549436,-0.246383402514548,-0.29737607924310644
142.71104192000342,0.22388402427913134,0.4714683571359957,-0.7904744554453119,0.10939479460489288,1.8820244964750337,0.4810092317367132,0.725766623898692
19.50531041796887,0.31978193414253697,0.44047473796039904,-1.5929937335316693,0.1053755061459599,-0.019637798926681216,-0.6013676439512137,-1.3340254949182044
200.66053332795957,0.2799686263198203,2.4457519796168263,-1.1254890472983765,1.496044311489183,0.1292211819752275,-0.05558467091045507,0.6543656563540577
-350.7268637643685,-1.8311448783383504,-2.075588009078533,-1.2284438312657626,-0.7597031174802871,-0.08606969279089306,0.4715423804182057,-1.7710685530880912
22.643877420099983,-0.6967718184295749,0.260442263333556,0.5820265670847269,-1.232523314768509,-0.5388418561927383,0.6256309336460009,0.5522999376795232
-163.04388726318547,0.4798270353668329,-1.836359783770397,-0.2686457533097425,-0.6498268854974364,-0.43277388358838864,0.01282864354368512,0.08416823018569615
8.141123602425436,-0.8370901336150396,0.4465365069407115,-0.05872042710462873,-0.32115903870570245,0.1996104184027828,1.1400678464951604,-1.5856257067695927
36.1759384123076,-1.485560373036972,0.889630795623437,0.26705026586925884,1.4469778843537329,0.08228398927542419,1.0318445394686349,0.19655477651157466
-126.29882322000445,-0.7257438131534656,-0.7553829323533225,0.18676676447707832,-0.6248185776956788,-0.6115178029919482,0.5176590204691229,0.026091050210833786
-11.236071410316754,-0.6286543050745702,-1.0363092473737705,-0.27751361886023346,-1.1081124582588693,-0.20346114108030489,1.399486426972343,0.9760407193559466
19.47346349558434,-1.5558956462036273,0.8335289616089246,0.33088023221445706,0.03408346825922607,-1.9937356425714556,0.2337859117907477,-0.7699732310586418
24.525945509595324,-1.2549226680022925,0.937915537510655,0.1847104747810833,-1.2804555710024668,0.012499321907250336,1.0074439731951983,0.18947982122108065
-121.28629174022392,-0.7094311573284758,-0.38245239766929023,0.6445954324151765,-0.5235759884065829,-1.97596329989162,0.8761739316930753,-0.7641867866378464
110.0898158673708,-0.387099702474401,0.849102110743144,0.6955377575657775,-0.005596018829046555,-0.29396694766418224,-1.0917008761393143,0.6687416555925126
-6.596085279249356,-0.21495483807895116,0.7026599984993058,0.3857499681816948,-0.7199895332219391,0.2408767572004076,-1.2535060123717616,-0.9240628073410654
-13.160232216486875,0.9817654869915944,-2.499405714873573,-0.32483138350862245,1.009817089342634,2.2909425725907417,2.2524358053443088,-0.6881503451777238
157.5834979908069,2.178562173991662,-0.14734022662150625,0.19433346333823326,1.0941795475214755,0.9639254230555708,-0.861309579697108,0.4790031433927589
147.58614165217026,1.639964529371393,0.0754336389015928,0.7421274910718922,0.9528745472029388,-1.6019658118971685,1.3149144535840471,1.6122782579886454
48.442055197763864,-1.2141886127877322,0.7916626939629359,1.1581108735000678,-0.8182206832334725,0.6241198170521551,-1.006017381499702,2.09238727568546
279.6221641556656,0.9625028858001016,2.196646054978954,-1.2261793578126834,-0.7871740699869963,0.7674793445541306,0.6817434088151417,0.20335945999876773
37.400253820379355,1.0487071264165635,-0.4835614838465371,1.6554071130882952,0.2514736089405121,-0.6121669171548207,-0.7557915001583629,-0.1942691319785193
-61.53779349463835,-0.8128235903365649,1.071080500402805,0.8280588148933092,0.4990958161377494,-2.0744863510163114,-0.17038576538819594,-1.6922708316433286
-138.90647738248458,-0.0739475656083926,0.19502498402812676,-0.4516594761596227,1.5730197252148563,-0.7582820688875902,-0.15083771156669531,-0.4658055691181629
240.7829722522676,1.0987768519871899,0.8135096360006385,0.8254163489880298,0.5470973811700379,1.305478807154329,-0.2176812032272203,-0.2021926524338941
129.34609024145118,-0.18592448094877076,2.2770864980533045,-1.5993947621943112,0.3981472651225371,-1.234511998422396,-0.7351168007245881,-0.05790774987690873
-40.199459378429005,-0.047711356141979855,-1.1583646891925428,-0.003602539090568405,0.7858001586508322,1.5033983017671506,-0.966976143129213,0.4254575617849648
186.57270324488402,0.5150352672086598,0.5150476863060479,0.5137859509122088,1.053802052034903,3.852731490654721,-0.9378250399151228,-1.3776693679570908
-101.26562830799801,-1.4222296495062072,0.7549587661419644,0.8425138964550043,0.43945269045799057,-1.941858659379406,-0.02439856723615665,1.2679604871030892
129.6735857396286,0.7082144232565571,0.9531366339132452,0.2332161312635017,1.4109323797462698,0.2871241652018242,0.018849622944847662,-0.09858813228426172
-241.60051204885082,-0.3146908287880925,-2.380739105523497,0.1293680067038185,0.5306831230100478,-1.8296818152080832,0.037574859335865615,-0.6634361572194879
-33.039015292819016,1.2592332397867991,-0.9733788380270346,1.1464408704007276,0.604120889588518,1.0071333364731596,-1.4794442231397242,2.303638752104789
88.98861780353305,0.5835443030118876,0.5798572852951321,-0.12951724686344074,-0.8638829605897661,-0.7068925679873489,1.0417246640588511,1.2794649316577509
32.014534855322914,-0.2440804736742013,-0.1344967844017327,-0.03930728762763119,0.7567886799869821,0.3338599665685347,-1.0166831285764972,0.6124687940136023
122.05702724229806,0.4136162575716805,0.2820342192093425,2.135586730077366,0.29722722158508635,1.650572963232848,-2.123992818125636,1.6672568417495344
5.535490814945688,-0.1309258051261265,-0.8758424064951101,1.1282397832688376,0.9386400226789446,-0.8057996548842047,0.08298741881250997,-0.17611243395986265
19.98404255590009,-0.9483480042242008,-1.3671378064602455,0.4632062920991231,-1.1755946056248516,0.8481742126666681,0.5972282182533848,-0.8950698422766047
-66.56239361814231,-0.32034730819432017,0.5228354880354996,0.4241659464019164,0.1979107834626478,-0.573700003938579,-0.4838858340543216,-0.6514180036144483
-62.97348113370275,1.2557561255735208,-0.18687164416135904,-0.8946073022195039,-0.30917212346863937,-0.4397310582741749,-0.4787486216634773,0.22213377163371284
35.86818947732297,-0.24633528117984815,-0.8208789224096867,-2.301471717669987,0.6832124040010689,-0.4268041949352576,1.7873464144298254,1.3902553275119895
22.35666928194444,0.9755451271223592,-0.18565897666381712,-0.47917423784529,-0.8392175232226385,-1.1063349740060282,0.331263431403564,-0.3092123758512146
-136.23090232741214,-2.1325956261548358,-0.1581538443723203,1.0126374096440718,-1.4359095238685275,3.2430929695947333,0.2810092502818063,-1.3158158164275071
88.19578009609775,0.7003098794089914,0.12200981464536145,-0.5756378262377739,0.4933179008808892,2.5600845382687947,-0.8583577801812136,0.1848361236948739
-93.32774106727798,-0.4817659710934752,-1.803862792562365,0.32445860435251705,0.045491476330752,-2.391956204313024,1.8566474365619547,0.5583364232117055
58.557180360632465,-0.581782033392054,-0.19793772898468187,-1.1738799644089726,-2.493270820330077,2.0679063381635516,1.6291663649009451,-0.965664803523208
-9.511415875039443,0.4620608932518965,-0.2515388860444957,0.7833905092825955,1.1941094030473725,-0.5975101946916416,-0.4644042623093877,-0.9811655311396816
-65.56031198007325,1.057814180820796,-0.935596298762426,-0.5891121327811271,0.6577631761503737,-0.17791787580439816,-1.1869933883057446,-0.06953228624226937
-182.16308533430907,-0.9206735930793662,-1.4137144969049802,0.169360824036078,0.5583269125217224,-0.11122606134870032,0.5387559924463692,0.0760053914124115
-9.501148426853998,-0.41222074502447015,0.5376299029498797,0.9134737320174066,1.2302221756507876,0.4281862478105761,-2.390304367469438,-0.5969742867210739
130.5278424116195,2.231498911027749,0.7714017949037666,-1.3208783553773176,1.2270345970488723,0.0011099446872931463,1.2445651603552557,-1.5806039408091688
-15.07975689845216,1.090861670603698,-0.14994071907910936,-0.4629395120252583,-1.3717431292635056,-1.433151814524712,0.8282296901846228,1.6087808557343737
17.854709950774122,0.3616610612470166,-0.00031367261177471214,1.7611881248673735,1.1008213984226052,-1.1818741254208012,0.5320061988219431,1.0613709648731335
-48.45146113952232,-1.5151910621985525,1.6449677135012837,1.366874267444525,-0.57581824064468,-0.2490360395563783,-2.301921164735585,-0.27505169715164396
-3.06556130669259,-0.3103909913775655,0.2642547636073391,-1.5478015563090313,0.13395838058023532,-0.04033391021404376,-0.3330376190537617,-0.095111647700766
99.55954621630896,1.7106133725819253,-0.16882172319001065,-0.1044492185374715,-1.053682419146354,0.07005216311318138,0.9503075919735756,-1.067802921579193
21.10369006390602,-0.6777449705248515,0.17958178193959795,0.513907849658915,0.12637957954641182,0.3506300992735592,-1.0003313246055747,1.9389289990582848
-17.122561985296805,-0.3060139543574089,-0.7037103993314333,0.1454272174057594,1.5512452664277294,1.6923465724632047,-0.7615878650362199,0.8822864925992157
-96.2210422657628,0.4201915428949916,0.0976703767483354,-0.8564982374091991,0.6549755842216898,-1.2644984069549656,-0.9938626748348534,0.8107986455917099
-8.325838078080707,-0.05240445057746945,1.2468917155347194,1.7041055162554912,0.8451579711843216,-0.06200400936603175,-1.4051898468035748,-0.048897183474105536
-6.921824946693164,0.2575503907227644,-1.9187712152990413,-0.07444591576616721,0.4040508568145384,-0.02651387544921688,0.17457781283183896,1.8861859012105304
-22.85370344189715,-0.9928660010855456,0.6662696720435232,-1.4452052644122255,1.2725701629285695,0.5779785236395572,-0.469130854210409,0.1263141994832002
-290.49368208516626,-0.3613105619672905,-1.0105982199289134,-0.06418416128881928,1.3863493972628431,-0.5152183938082427,-2.6031370878272986,-0.3021805869826214
-197.8871764703381,-0.7712002995492906,-0.68604975703518,-1.7739696161121294,0.6558921377875826,-0.6172122466479616,-0.020098751769651646,0.9639069340758624
13.850447311435994,-0.02355215087423812,0.2253079220409416,-0.17435425790283585,-0.3340772309799405,-0.3695269288333586,-1.0196643386921156,0.5646059258936003
190.18702342902287,1.7753108926095118,0.9191541736100016,-1.19363683175648,0.9694572005267368,1.0005823180429785,-0.6462273098438029,0.4271943618716849
-1.961830642521992,1.0114630354083562,-0.742484232538384,1.3414759155308809,1.4816634024625988,-0.4853058353678683,0.003695671847847326,1.9625871905307948
-159.82350454630526,-1.5030803017598182,-0.9980606273144128,1.0519476177229186,0.4183982208886837,-0.3839712719523516,0.6504500925361392,1.4015985929464294
-16.329859068215967,-0.4289807173724197,1.299987372262134,0.9647698943024456,-0.4598592623151402,0.960305168086668,-1.3011092663913453,-0.4296349785275087
-189.49090769750183,-0.4765514232192414,-0.8935950137191204,-1.3045894438004726,-0.6597486412539658,-1.6413801156020968,0.1258865305766578,0.9838523436061468
-110.56577717769396,-0.8108575112103382,-0.23401985910698134,-1.2575778589146165,1.1401490385212665,0.4663583744463345,-1.0150941918278686,1.5805406865683735
44.869813806175486,-0.8130143722601298,0.2257615231117544,0.8232799156777053,-0.02227897918371332,0.017613251933657315,-0.01109200394860206,0.32208231076698546
-108.33668559980318,-0.42064532276535904,-0.8022772692216189,-0.3427145165267695,0.00511345664246089,-0.16128571166600916,-1.4153707420504142,-0.2345871333751469
-7.754734540637642,0.326133022242118,0.9240270192069009,-1.251113576385303,0.6159356069442637,-0.18490213644298906,-0.3095464393139903,0.5931012579683838
92.96745518752566,1.489863438602082,-0.828497024780246,-1.6009039784765156,0.1733416643704082,-0.1032547601490474,-0.22320225463480511,0.24395319790850026
-139.81569270997653,0.5533889830744267,-1.5947559581633324,-0.03392522592790888,-1.1945229397660349,0.4206996310184789,-0.8451539584261589,0.2858032867947329
26.912607893129675,0.7094518171390395,0.5131057981760827,-0.43548637056984335,-0.09053328230416076,-0.2595466775839172,0.1904996797790664,0.3319803305690145
102.44452865904304,-0.051393723588486234,1.2619215007139917,-1.7730324682068814,0.3771003939021865,-0.9057323008626188,1.126050250772168,-0.029262813684978357
122.44090418422942,-1.5431182279428703,2.196223142152799,0.16429476537056906,-0.5898923177556078,0.4929864585144592,0.02521086754008212,0.6986888135170435
-68.97988211895678,0.9198715159544302,-0.5942108723816666,1.0189232400898984,0.05674168329681941,-0.6161434580489434,0.18583762890275304,0.11345604005655238
59.66428452144717,-0.38654161589775976,0.20832250862559212,-0.6355410988155566,-0.657134962278058,0.3603687159048611,-0.6534628957248072,-0.6977189038982449
109.83524249551337,-0.6354098802287371,0.5560220968422908,-0.041292687007282836,0.2138087939410634,-0.5912847888018945,1.7311696317672995,-0.917976104610736
134.74171076874805,0.33776609905460137,1.8167556295751048,-0.5450872299955903,0.2572534211115017,-1.2692911052431042,-0.7494159869569733,-0.3444772087524527
373.4085529303331,0.08127842205619876,2.3883719928704386,-0.03789308171683088,0.5925303073177614,1.184256645196173,0.3569727592669261,0.4096361186839937
-107.34224014574151,-0.5571305725722312,-0.6197721282538776,-0.5864151488887734,2.5719953174949692,-0.9087696708079732,0.6087355891244169,-2.249432454200764
222.0085350553489,1.144293068559939,0.7638603516334226,-1.3878685504558022,0.4964001177339411,-0.05310680169691065,1.1801281737415277,2.0750650393485417
-53.12451087167878,0.3098207102270275,0.41379909745149823,0.6337768809320985,-0.8353470532597573,-0.1852876588777083,-1.1875984190295128,2.1451491277733883
-81.30702887491083,-1.1071568168024517,-0.15129922023252232,-0.36550593698526573,-0.524662407066803,-1.3957892021924851,1.2960630617813962,0.4936548476431509
43.13669889765342,0.4363236696740321,0.1200313267182613,0.03800347816820029,-0.02435459226098284,0.6135179727304166,1.7275431701007111,2.142270358611864
-86.05182448601728,-1.465673857342095,0.36674640789225704,-1.7690503037393988,0.3383574419359596,-0.3838747413307828,0.02041716721291813,-0.9925780067288228
129.74355843517088,-0.3756336657655356,1.292745289518207,1.3511140899867151,-1.2719190011127228,1.6637328321434737,1.0626572907875265,0.2113965674706589
59.17256861680699,0.857898825291343,-0.2573000006177896,0.5535695310677933,0.2787998123854607,1.0821123129931407,-0.3126684457323573,-0.20866837122046586
-53.07538778405539,1.191707497107065,-1.1195461283831687,-0.08371795984921201,0.07287409801551539,-0.3935298559697288,-0.15024298879825998,0.0731969910016945
2.9894567833589,-1.0763811874020583,0.9575371632797676,-0.6737901056594764,-0.023050556085466196,-2.712612563810438,1.0829999385168685,1.2785751679393744
74.81110550910903,-0.06357353918612146,0.07557637267003782,-1.4509278911112242,0.4066220342226741,1.048864141875362,0.6386771398803011,-0.17262913429083468
-25.048254068251786,-0.8140106692915557,0.5042707480383839,-0.3656770825305199,0.8800659629573423,0.521449399059529,0.33011379047094364,-1.4338058239284144
84.95862491623316,1.5154448083522476,-0.3733684250030844,0.3817341689625093,0.2494176876850417,-0.5001978170959958,0.1247520996639345,-0.326673247509044
133.3945194684793,2.8243305910030463,0.020106466869098387,-1.3189684983025107,2.497415126419854,0.17962227263192346,-0.6411142602246448,0.04600638673634095
69.80585994025496,0.9751976297824296,0.1895816165987434,0.5010941699398452,1.1618783026081905,1.0010460925671412,0.23836898273478516,-0.927353134190574
219.41429542700297,1.5511519755225232,1.1792971840638264,0.11567463429285868,1.277676821898509,0.06751848141010895,-0.7484865365565536,0.33231401197959165
-110.47814267434576,1.876795812558066,-1.244654703311417,-0.7737891991035729,0.8696059201056602,-1.7787202489042786,0.4134349032237009,1.355637858804951
116.60145878617243,-0.16414941272177394,0.00878844263207182,1.2019316695395432,0.8721531056840551,0.05786404742675647,0.8241028968557058,0.3240364427065333
162.28762709393303,1.623256690528054,0.3929135105482163,1.9913704184169043,0.23985774584929664,1.5904035685736386,-0.9984408528767182,0.4863099933502216
-89.49338196652161,-0.7191094514491859,0.000682818957482628,2.049812095785926,0.3361449630262288,0.7821300015314592,-0.8239354869719996,-0.22747625995340776
204.69691227537385,1.6891889336516788,1.2239487531460047,1.6699227814046391,-0.35368575956700604,-0.1976204677959656,0.9524619705361694,-1.2324312391640002
-309.52999472066887,-0.3748220566218061,-1.6312758154609457,-1.0385438208439723,0.8419836954521269,-1.2374266382225725,-2.9069882193216414,-0.36920720044744615
281.748306714003,2.271449745422796,0.4914294527201998,-0.4043974231839613,-1.3859879423989983,0.5697603571986469,1.4891131083282896,0.5055892418358746
16.318779113595404,-1.760808811980776,1.262584103427182,-1.5256563145700948,0.22468472575188592,-0.5518581458924467,-1.4183657329330317,0.93259083187309
-67.00106198151663,-2.0495145161883253,1.4554344839153248,0.3735336834117687,0.3653942419251408,-0.591018455733432,-0.6545335709983099,-0.03916211544275943
-273.39876020266274,-0.13216935564437185,-1.500221861446936,0.07227896538428889,-1.0319552420944351,-0.7788370428204348,-0.5898947564628909,0.5954908976392573
143.92112132690562,-0.1758858124323366,0.5514853760404675,0.12320480678448567,-0.24606248812994855,0.043602446372453724,2.1709427174978138,-0.8432465953161917
80.43392573173962,0.01468819472919709,0.648280433843859,-0.7848983130822399,1.1966314866456509,-0.12094814860778155,-0.1340171666729177,-0.6097829043193822
230.24760439610344,0.6408428612670098,0.5725827813561586,-0.5711789897827968,-1.0016200098949155,1.399355436586002,1.7976865268495226,-0.2811002928859549
-110.7227201294429,0.7189533106650667,-0.7567950885694608,0.9960476858058164,-1.0469109826819396,-1.4218106667418438,1.1857041546629972,0.5366527525272862
-198.46138498392483,-0.7296024698074095,-1.2931415437586478,0.3614173172731029,0.8555556590207121,0.5723903111756757,1.0706105599791862,1.649480894323921
136.30090169465916,-0.4776574467651167,0.3336621052869483,0.4789798257463919,0.8303358165442456,1.0375399442578992,0.07156623721939248,-0.8560838259088672
-76.04651542726886,-0.8043157596599924,-0.6315777291653314,0.8953554307625996,-1.1306153349375263,0.2531652380379812,0.6295295842218108,0.6227112239002686
-7.609895689720267,-0.7345915767980492,0.20056919723094285,-0.810252437014381,-0.03564148229748357,1.1486373494287152,1.1647393544571714,-1.6151318159055097
-42.30002723602767,-1.1267674689098053,0.14294309476370676,-1.1939250063990554,-0.10730214400422887,1.732514999485092,-1.5708761520684993,0.4477169258102776
-80.40444614873581,-0.36146276669398575,-0.053904849005739164,0.41644603810145264,0.4494739128323069,-0.9823035803773146,-1.014759493185852,2.0860470495371137
-61.14962908516932,-0.5460417988167212,0.1353383478922909,-1.0921212003485672,-0.6724855960063362,0.9944473755089074,-1.7422216926352752,0.22327083592026087
-118.45161672931414,0.0978132930933074,-0.25628082425157245,1.1039335467019071,0.1386451837100845,-0.2359165293121239,-0.8682609615983323,-1.0861262991814098
-40.6294712174318,-0.33130838318332273,-1.0851505265577979,-0.6122367345077503,0.34005129456889044,-0.8254105299789551,0.9681846605328612,0.570612997219531
120.96860742237878,0.8950383140761154,0.14679301198554934,-0.4830610516834395,0.2671266510114834,1.6122206282554243,-1.5811907020321334,0.5087250232299338
1.6694144575011691,0.02538842054241018,-0.01383774609423725,-1.9196731561976563,0.8595878869798019,-0.6897277740641738,-0.04541121793223822,-0.3871306497895146
12.16762036874074,0.15140739062477754,-0.6181604486836274,-0.2926854589752769,-1.725771124812573,0.8985117045515645,1.6935471334136718,0.02233923931860801
109.93669374602786,1.0251091525817737,0.02731337985143867,-0.6538983883255765,0.9411818664199696,-0.04737070254443595,1.948342644789813,0.19189773587303607
-150.00907677337003,0.4400144500533324,-1.0212328171307132,-0.5020542243526112,1.88115706944059,0.7083564472993533,-2.1988059566200815,-1.4480139004162442
91.24958592101432,0.9826831427699412,0.5872624134641767,-1.4000707231830092,0.5433908278718096,-0.20562785364324765,1.2299903684386828,0.0031477269063266327
125.80109363246314,-0.6801734763479509,1.4758791505039657,-1.2843870360725145,-1.8037504840924965,0.491445510894402,0.364561477355457,0.3314708963308953
-62.570343879793676,0.1503017614618776,-0.05694562372106745,-0.3636122122138559,-0.03763470242484837,0.3078017688920592,0.11422764866203965,1.1033018820165217
129.23398139489456,1.3366573577589829,0.3202165779488289,1.5486392950240366,-1.2783526288023244,1.2212949456851478,-1.33656850031492,-0.8954279609250417
-94.04042140596243,-1.5100412119852522,-0.19370537980496205,-0.2205382291565374,0.1884757610181029,0.5402879440356954,-0.2603090412714376,-0.6566893456274132
-47.57938908004634,-1.5642416117110514,0.10435593752321293,1.6172125749686241,0.10589445311523424,-0.8987840483231282,1.976440584515485,0.5844129804724842
121.75863760518408,-0.5530898169141323,1.1734422766324448,0.6958638390937854,-2.230468019124459,-0.2725447213618092,-0.5615577463306254,0.2266842484945972
213.18909170108608,0.0016190313569411198,1.6043391083085965,0.4147728907887909,0.7014947819247145,-0.285094257042014,0.4958050210275709,0.518871180440122
-106.04037298192092,-1.5325182768296637,-0.6117596395045849,1.5794378916948597,0.14342656685749322,1.135947845943822,-1.251199136633678,0.8715243860879341
123.99746946639857,1.1172958315881276,0.4567532191537839,0.3427253463777041,-1.251539424190444,0.5697672802322039,-0.0821511783925688,1.4437646040732597
-301.4132502247916,0.5298041779152828,-2.4716445001272893,1.4415686206579004,-0.5768918695231487,-0.7968952554704768,-1.1297068546576179,0.8356921120651418
82.56183536298724,-0.3397590076475238,0.7864062119958165,0.23160747416809185,0.7070323596107849,-0.5595462852894689,-1.007911695428206,2.084712921231016
30.44350230205396,-0.8523867660741036,0.6324542166423008,0.4753656106920102,0.967826024025204,-0.4741781751039649,1.3739143852114497,0.9937822145304391
55.28266202258921,-0.2646568332379561,0.6256673477650062,2.720169166589619,0.8271832490360238,-0.8571575564162826,1.4535340771573169,0.01300189187790702
-179.87381205316714,-0.7961368031864954,-1.443604262169765,-0.9500634974661272,-0.6994952201676432,-0.4829098394605177,0.6653689350328299,-1.037066073569996
-63.740168972398145,-1.32245795674357,0.547264797377967,0.4818660617184915,2.949094425308725,0.5488838353173644,-1.3510743662080211,1.2446795807367868
-69.11190377522448,-0.2666523292344148,0.5885532697707198,-0.4292444202986618,-2.211861911329507,-1.5981243518837476,-1.4239571524501449,1.5334337012963255
118.16811620452656,0.15985639199740034,1.265707840864701,-1.027675140925958,-1.881849045497639,-0.8661748482145009,0.09284490114111472,-0.5487249077409615
-186.22582992872756,-0.5816809139486437,-0.6492775450660071,-1.0147567306928669,1.628396623128538,-1.2239402667622563,-0.20358036010236175,-0.3791277409874871
-9.920987729795378,-0.8711930300076307,0.7382372308161619,0.07215323682176132,0.7453607240778758,-1.1433389910838607,-0.16270370156909178,0.0935234964386097
92.3941826021404,0.4738329209117875,0.6565536086338297,-1.1913034972026486,0.29307247329868125,-0.9746816702273214,1.8657745111447568,-0.7143514180263678
10.976512536320266,0.4080528468367557,0.4447738078315948,0.5507975722736632,0.21273977585766032,-0.8256536828021421,-0.4311255695750991,0.7828737349485725
37.477655287726535,-0.7832532923362371,0.8135172173696698,-0.3220615162056756,0.4735924306351816,-1.2308643164339552,1.5499344050175394,-0.9194242342338032
86.2222413901911,1.8522781845089376,-1.0577109289559004,-0.013497224737933921,-0.6006386899188051,0.822544912103189,-0.6017066122293969,-0.2916937497932768
-16.590581457674062,-0.09482423128087224,0.24353020418634466,-0.5147826749147421,-1.5189108250900678,-0.060403729196908285,0.3883757292301683,-2.6307301368290634
-180.9915895230557,-1.1979664292172616,0.2867741123825862,0.887079776446287,0.1158245872269461,-0.14720527868559727,-2.220421008935126,0.3896045240919878
-106.79370365232418,-1.2077593925433523,-0.8497209214776963,0.8091127907313788,-1.269465266012813,-0.4829839260728408,0.5991033318635947,-0.1683004231716427
97.47469436941988,1.941217436463749,-0.3780078990182172,-0.8783230771797389,-0.904614374993766,0.2314459225255723,0.6654168236917787,1.1727568452674448
96.17272646282406,-0.06109750800586813,0.4168015744831139,-0.7487997960200538,-0.305444702441682,1.1671207880032974,1.9529173824895107,-1.7291828895034205
158.03026244452798,0.5935567222808619,0.655900776529761,-2.94038863466428,-0.1512732836535117,0.19473619471877485,1.1337700968670643,-0.194908280352681
-16.46862227529718,-0.11676591579524664,1.7388513518533313,-0.6355578414044034,-0.8330560570007587,-0.3212427661179117,-0.5495402745955349,0.9153902755601616
24.821693953151986,-0.08743532877718108,0.9495945713644882,0.5483196275544987,-0.8449414385934964,-0.0594151812724941,-0.09184476433495513,-1.4990159604584012
49.11263401359096,-1.079532852166039,1.1273500893554853,0.9970593564536414,-0.2378070374259397,-1.1298498572185598,0.5206894964226687,0.4664312874123169
-171.4572805953769,-1.1471595110117114,-0.5711839740841865,1.0899049590908303,1.8686032191630024,0.04382879946042826,-0.8021994080351792,0.0348075404998322
256.1430636469008,0.2104962989215036,2.500900497934281,-0.16041938197534772,1.292060334326523,-1.0556394897985963,1.315508290940104,-0.7491717266032418
2.3497110682022537,0.4915056472467837,0.3069810726862377,-0.009288561567815748,-0.4841739512487371,1.8134076985154233,-0.17537845589869072,-0.966246319753254
-172.8404866901984,-0.8261119917145421,-1.3505559643429832,-0.6870140996994973,0.13069002446438233,-0.07587145068502332,-0.4757954440049012,-0.14152575336694828
5.0088883604675765,-0.5245670137670511,0.4240668615184512,1.3522026788671444,-0.8369207037962799,0.03944704824073949,0.3076126681891964,-0.14037505890533644
216.1573447871423,3.5290551875704836,0.4498272137265099,-1.2444864498888657,-0.6332727047102726,-0.7075522852941063,1.0108397350203135,-0.09676010318688932
107.85504252978909,1.914031353866786,0.21743287317972287,-0.19068240076334655,0.6127739050625697,0.8700677306887542,-0.6237689606958051,-1.053415563173656
36.38651376421385,-0.2264840988498319,-0.372206776071053,-0.9594392367234796,1.8540925663341885,1.0887486197041858,0.5820977034686158,1.221033695525353
166.66302498016148,-0.02090159396414813,1.2776648957884251,0.117327383308782,-0.5601810401969696,-0.5915713888358299,0.6103702654334648,0.7472936051232618
-171.89171447585343,2.1439440893253257,-2.025142586657607,0.6339190223180112,0.21645858958197486,0.18645431476942764,-0.6516003476058171,0.04557183990381378
38.487962040826545,-1.0560307999666676,0.30783237251388496,-0.2569451251217815,0.957932055215684,2.0682260415058242,0.5061576554607123,1.8076085077692632
280.19379249108744,2.124771403016961,1.9203675021442608,1.3313390619884031,-0.6382827265284942,-1.222895019555564,-1.066234931899225,-0.8153756283161211
-3.2340866150111083,0.5540577711159071,0.030031479164082168,-0.8617030702562581,1.1701987091966035,-2.1523835446091804,0.07959786237603639,0.13429649724779288
-15.694361059853522,-0.33912227927003874,-0.12373268009975663,0.37006111526895535,0.7441857103150346,0.4578056099257847,0.2668183962954019,0.4215460835365613
25.76939097037912,-0.6865387531537689,1.0687923213942925,1.16337605516355,-0.8905688105910143,-1.2859997065164936,1.3393265894799995,-2.109838240625641
-191.3798746634286,-0.8639907696798159,-0.8309501164110378,0.048521627944826985,-0.6506425691218269,0.2704568257798388,-0.5923939242388692,-0.4871253837646961
97.91138011555384,-0.09195678260426586,0.7946003829452114,0.016025282295160426,-1.1301787294846837,0.9736222494278468,-2.0746400375463683,0.2730107174943857
70.03755455125045,0.5866938014752747,0.8712972974572442,-0.4749036566225244,0.2011596558728393,-1.3459796802467483,-0.2589049737040773,0.28328787154614216
-188.66348464950408,0.8417807747840127,-2.5317693162508137,-1.0512200297825027,0.16540366029970424,-0.227106007780926,-0.4836171395554367,-1.3820175686924376
188.83459843307307,0.1029173905232372,1.6734418856229851,-2.3140440660001054,0.4032745630371717,0.4417467363775573,-0.796064137720634,-0.9667018907026598
89.6944719126659,-0.27512142825504665,0.1165785120124638,-0.3177608940173958,0.24945094593007225,1.0715159355810386,2.4921839986006873,0.3992281929393271
55.89813461792122,-0.186971302985446,0.5296927543567308,0.056649924897107164,-1.0651136630753726,-0.07049877805909123,-0.6095122021592831,-0.30522470435466764
-230.79675576123458,-0.6039806259692295,-1.6394841625254342,-0.2295486553603471,0.9553005582377528,-0.3924711060608729,1.4726706757509818,0.8760467925297942
-104.28005051341196,-0.7424705856980482,-0.6117690909052854,-1.3200225112207058,1.6950510404307533,-0.03703679704841202,0.1946074552372427,-0.6226493617344521
-262.37202335463263,-0.22771961483575284,-1.3990784281844757,0.7154930967694852,-0.8341848487326238,-1.5202867922406096,-0.3507782056015541,-2.2660520941492828
-26.694129718084394,0.6952029000839993,-0.9878733409007492,0.2837510236615011,-1.0501407396021456,-0.8468509661253646,1.3705361439967134,0.7574951493374855
58.149827741189966,1.1186323341542117,-0.1792510253569118,0.013043374376952131,-0.6145387836910949,-0.11000549870105147,-0.6116337366945591,-0.8563485182812041
-203.81273800361504,0.5144388340587489,-1.1246420918378692,0.7116148780888898,-1.0676204293825944,-1.5341141707356225,0.12029563171189885,-0.1423794850212935
140.9188532649183,0.3754558576272528,1.1622595975056669,0.1675701058009903,-1.9988889068612496,-0.5395912207371316,0.6137708557899086,0.03402958634668099
-28.900516023030253,0.4736320768114545,0.5555126463422483,-0.9263811299815384,0.606850593215671,-0.9186865114860944,-1.1308884353259157,2.0565435648295414
187.63440829512103,-0.29967664800678706,2.620793091029975,-0.05020461704174478,-0.2346205699574138,-1.1119670257741636,-1.448591414633544,0.03823799496002834
-108.97717316226644,-0.966156723370417,-0.3004659487207037,-0.07938842440570287,1.393181257934906,-1.0056013756894655,0.8728243510056346,0.8393491142316022
-111.44920300436638,-0.4842340728662514,-0.7076694656187807,1.2669111491866227,2.122156197012633,0.4438194281462284,-1.5193699659540134,1.0324652605511468
89.06394716229477,0.1846338585323042,0.7818228717773104,0.25988279424842353,0.22745993460412944,-1.2369507108780822,-1.6074832345612275,1.307142754282428
-187.8056633438844,0.21209335307417526,-1.0158788269899783,-0.9933586995819508,0.007880184694728152,-1.388542553831211,-0.1643352058853912,-0.3256110521485036
223.3658627988717,-0.019794344520707968,1.0989833574419647,-0.482313570936303,-0.16985235767773066,1.9598372547446752,-0.1833007095261973,1.6367399618306395
-200.966949827162,0.6802161054504494,-1.7785875840065168,1.1925075124779752,0.4042947549616976,0.31965182591897723,-1.0710536796490489,1.235782191822154
2.3864322879478337,-0.054294866517812214,0.6962063648134184,-0.230934530208678,-0.2457430640859443,1.8489560949453447,-2.696886642941572,-0.2727235697476705
-37.09149765422897,0.4998641237403714,0.3676492929914216,-1.3993061748019415,1.5634133588321082,-2.100026507651624,1.5323677246781158,-0.8184286659420014
66.93713129019781,1.6699045043514062,-1.1958830620351844,0.3946715298229811,-0.8505204542093001,0.4446026682201407,0.5885784044206096,-0.5805234498047227
65.18900888376207,-0.9040682897360004,0.2579759812211809,-1.5489605250534753,1.1218578562304709,1.1038773433162576,0.19613145902390733,2.3200407220172594
-34.178203503234336,1.268583235647469,-1.22322023006193,0.49141275635552706,-1.3700266273644293,1.4246277320772434,-0.2580455156111615,1.0653762722596027
-49.46931865561175,-0.28487549336967083,-0.2414974458707788,-0.2561797524953801,-0.1767741631157821,-0.061764199860128925,-0.4911537471421047,-1.5486182988637467
121.22875299193744,1.4122205554154292,0.4523717962497339,-0.07964139124571515,2.062524919243145,-1.0623935281468797,0.02421945667275807,-1.0675329142542729
231.0573094158207,1.1873860515647512,0.5796331732135757,2.5895636420186143,0.4283070972076486,0.3257963165821665,0.985729995679863,-0.1871442650045488
-187.4003064225013,0.3675104105406022,-1.9550487703182828,1.0404308926448391,0.21865930675729767,-0.3689394390314622,-0.20063929882543186,-0.4463205152343449
-68.56339856940318,0.6373246830230725,-1.3927354721669964,1.6163000427219163,0.12861745040496653,-0.03455062395396352,1.3890243629627617,-0.22565638071225164
-127.89542960376775,-0.08071658010858232,-1.998200684532108,0.07863519031609059,0.7276295436369798,0.9163276747024814,0.7326400772155792,0.05194588580729943
-78.70607373735224,-1.5648027713620551,-0.2634482160822491,0.0953441994413082,-1.008554684076208,0.6791427754381955,0.3496500472996937,-1.962625691672579
16.63830003427283,0.15697296096843422,0.224216404290793,-0.5865312695639355,-0.9627325652846124,0.714609790636618,0.6102161695892225,-0.20661127969604665
-55.96372714335529,0.480744579767984,-0.4949654803680731,1.4967104074459814,-0.7613552698089406,-0.4975724983092138,0.09988695440921297,-0.8782632528234666
-63.688200550092446,-0.4534141083838541,-0.3300901917014373,-1.795643172630015,0.8080361894020714,0.732829081821745,-0.4237596820227033,-0.8480655980305086
-55.59611357321925,0.26125053123385605,0.14338846734225108,-0.3692771392462032,0.6835693232004776,-1.77623523289832,1.2119439853864005,-1.3659557112005345
4.289191749029406,0.1455211977682408,0.14098269961206,-0.6141225650083162,-1.276304416538336,1.5886269280435958,0.2927154821418534,-1.2883076174635375
-163.5616935910827,-1.1832585126657749,-0.26940683444455776,-2.039232177760101,0.6860514599984393,0.7175422557959623,-1.7587394864231145,1.0584244868495878
44.731222014228145,-0.8385857984472309,0.5348173363459102,-0.8866809222834573,0.6813595104429481,1.228980502489062,-0.3078084711388841,0.4086073077017676
-58.72435978878475,0.10855970577652314,-0.2081168572725397,-0.0332299906444608,-0.6124373746404379,-0.12853751143893075,-1.1437262073206618,0.3615035252061016
-99.90538502289452,-0.20698458909836875,0.8223504708957536,-1.031025275147307,-1.265258409085215,-0.836980354439587,-0.8729889668893527,0.4805867584277127
43.3923173433473,-0.13699548944245826,-0.3409078773460798,-0.5193963718261266,-0.2843846496065093,0.4283166923752375,0.6789312900592783,1.5905820726178503
160.2842719912815,-0.6573725539947244,0.7114105794654951,-0.048965030858450255,0.683223014788808,3.1129102010438414,0.5667717261841796,-0.11480224875906367
-20.191429618303626,0.3241663524884421,0.0969959649927182,-0.1301430543676846,0.02100384163275905,0.5951570254369136,-0.31026675659345604,0.6819529712949639
-46.871205607581956,0.2606737658239071,-0.6716233679380516,-0.5503051538454201,-0.6255627015095294,-0.02555407099144528,0.4940301862827388,0.3958035334374089
42.08557892823839,-1.423682636883923,0.7835896647986067,-1.8518427315746584,-0.5176925728692147,-0.6786430612941032,2.1699365880805432,-0.08809124402907327
-159.01258679481154,0.1755362295785979,-0.8903178480198718,-1.8437935834807455,-1.5327005598899308,-0.06407776414871663,0.30170000890173554,-0.1962806513879368
-12.390777715368635,-1.6624919880356743,1.126705136827583,1.0325462043416571,0.7934887205522131,-1.0909664302151982,1.3043402428781523,-1.7485319732381808
256.0708932971611,-0.29045391622778904,1.4287601620367705,1.0725417995727589,-0.41342377063644137,1.434309669352076,1.4622546040347288,0.03239621368357873
-2.6953078682863705,-1.142970297830623,0.5607845263682344,0.3577873603482833,-0.883857436201133,1.083051243175277,0.0582087184459999,0.1537251059455279
116.10998858175087,1.0450884740847537,0.023903043284955468,0.14488783309689118,2.0122704457007647,-0.3514142357137325,0.2493085956417289,1.0237095461069814
-119.8536401628532,-0.3294893002179861,-0.274802304752688,1.6748596729140648,0.4278143951529032,-2.2012434734509183,-0.5613379964422059,-1.7019022300183355
-147.41632232391217,-0.21966945235096014,-1.5553737338412423,0.6095260452086012,-0.020560557350507186,0.2008450931157096,-1.1789234912983253,0.2891836731187253
80.94061968599586,0.2407531794885683,0.5655096456315442,2.601683114180395,0.02127157673606165,-1.7607627591558177,1.7022149446352381,0.3088330125989638
189.63247720972882,0.19652116970147013,-0.08973569428722672,0.7090037575885123,0.44770856001731496,1.4401172154494728,1.3291525301324314,0.6427227598675439
-24.667988891645045,0.033719054901053244,-1.1148221873524142,0.2685935810442979,0.17615045188769213,1.1969109487613523,-0.2652375404702022,-1.249820339589364
46.967709520234614,-0.3921081531321576,0.29612027706457605,-1.4635149481321186,0.9686449905328892,0.2610552721798893,-0.3276621465977682,-0.7020530938773524
-194.4509160732055,-0.09338685889994827,-1.514470309180767,-0.5293321124483709,-0.3956807117562639,0.32159321133923857,-0.33286040438251124,0.31745326125017514
177.7205740587793,1.0483998878135408,1.7445838700752485,-0.08106710543541712,0.28475459338556824,0.8598335614674577,0.4608248654038653,-1.9632891478389745
-183.42401638316463,-0.6947131310890582,-0.5240883979345925,-0.40928243811310405,-0.5089636257074988,0.152354872033722,-1.7690759048891185,-0.02557431219199444
168.48896859049268,-1.742947530486665,1.568182429527326,-0.6075687917795559,-2.83303029014274,1.447796418457866,0.7605061195841426,1.3591894941640248
-50.30530756842744,0.6704806172412126,-1.5537587660160643,-1.0718572330401557,-1.1388331177807691,0.8178896580250287,-0.07576428653545987,1.0391117874202689
-166.38769730114137,-0.2768893557688036,-1.254160986995604,-0.6717207892580773,-1.951602912882887,-0.5550167015441094,1.309444101402648,-1.3154413070498456
155.99877763976014,1.1815677164191465,0.8707466445884032,2.343654052812625,2.5490097087177217,0.94881309647162,0.1488768039176911,0.53102609489421
33.59802972808322,0.1897061676103957,0.42588720619303577,-0.6619821777966091,0.4621726660819429,0.01914777741575206,-1.3631740045928105,2.0243096232868525
-66.31387846371693,0.543360192379935,0.5705986685931593,-0.6626237589458467,0.09933230542922587,-0.7632591565425169,-1.6694052811213718,0.751387123371789
466.0655596250885,2.1850948950361118,1.6238849928111525,-0.6867153430032953,0.5384349572164524,0.3831681897589003,2.3943619005824512,0.7157342411708404
67.50049299653071,1.127686294516429,0.9784578056665502,-1.9473424741408143,-0.22159969438503926,-0.8105286298216263,0.9588163064676724,-1.440981634524919
-58.87444079081765,-0.2440283521711344,0.6932176016587042,0.29471925290230155,0.6159670060468382,-2.0276772716708487,-0.9104867035315212,1.0371814056490505
-121.212361503866,0.9955815140020298,-1.6380290574360168,1.7031726099180378,2.3079162506161106,-1.7863754653546866,-0.10633700253131496,-0.18144906924751675
155.3265543231291,-0.4430440211284823,0.2965755451407618,-0.4794929673992434,-0.8610879101735704,0.4631847952675847,0.6979032725390276,1.4033699701251907
-123.37517255144186,-0.6856749175901302,-0.9509533830944716,0.8202983745089647,0.4600423238604662,0.6959321009408497,1.2553497802884752,1.5404412397766734
-256.9757654195406,-3.241267340069073,-0.2525681513931603,-1.0243876413342898,0.7746340534293368,-1.2477831819648495,-0.059525356061800073,-0.9269304715780831
34.90443508956613,0.5268979236657937,-0.19819567637971988,-0.1908722195531798,-0.0827150238964932,0.5101574689151834,0.9513062442994834,0.2430917276606988
165.37606775914455,1.0859821161750325,0.8080577982811451,-0.5359634451140479,0.7388104808875029,0.36728731340134063,-0.9354387020445952,0.6153674840130534
-66.7976773308798,0.01259240078179486,-0.7730097838554665,0.09767609854883172,0.6901439917111125,0.024510174258942717,0.2240924818104168,-0.40122047188583626
-40.90236428015515,0.5987943895619102,-0.7341737987784958,0.6683404887180808,-1.1376856704248166,0.08199555641356042,-0.006521315229458062,-0.201491533947518
-276.46323527059826,-1.1766449439000528,-1.770481137776078,0.9280906109910813,-1.151997547579143,-0.5781134587156433,0.3859700925688759,0.10908297034983186
-28.04175735776118,-2.1943824698200243,0.7031425422200039,1.5994709401137894,-1.2756826599957316,0.5332073178993125,-0.6516751221564157,-0.12854629325195685
-95.2137761443964,1.4532754760425446,-1.8418977729578572,-0.07823065905851781,-1.1794596645077804,0.8920675997317206,-0.3473022889578429,1.4350873992222355
-120.17318164228868,0.2576008573981294,-0.8837191406910628,1.892191760833068,0.06364906149651771,-0.773029709602703,-1.4776124069194447,-0.3717790115234884
-68.25305515428448,-0.552920837367302,-0.4975708383852072,1.0018248536819372,-0.9753660272782501,-0.782003492511037,0.6647027453331099,1.3035079319347591
-28.680260195422317,-0.4876062240724936,0.3944521423782968,-0.4325581878196209,0.2544208433012131,-0.42098448082026296,-0.4118769661224674,0.3376026620752022
23.57562034801041,0.019616657693989903,0.5918141337413779,0.6728612359668199,0.7153813154412441,-0.3540407109410238,0.4384757388097273,0.7181857257079345
127.59252144688514,0.015182942540433118,0.6455877121741934,-0.974806575922842,-0.25276325509618536,0.019381237698025213,0.796701927070742,1.029413100955326
-118.18900990960735,-0.5294669635070083,0.4793609534294223,-0.5618420993516989,1.166370545669252,-2.624817056374112,-2.1782113197314303,0.5309756619640905
-145.63259434875783,-0.4043619926900228,-1.4326712897396527,-0.6862791357550845,-0.6668487169515637,0.1458364702153839,-0.6074722876203072,0.1979166673420755
344.2215751236504,2.64201191049262,0.04932816579484362,0.5980991550474662,1.500274609000988,0.7224469852209794,1.0256321138725824,0.07450959382677262
-94.91537629286293,-0.7534178703461835,-0.6777153697521061,0.4599721429391164,1.3017412893987979,2.013387247526623,0.032004149065766624,1.561511196726853
-80.8875383287652,0.3142473325952739,-1.4123037013352917,-0.9080240755212108,-1.7249178325130328,1.465648768921554,-1.0128311203344238,-0.5622875292409727
-146.6946682314583,-1.3458709234732151,-0.476220873544659,-0.8192578597214978,-0.8671302157109003,0.8743891807127275,-0.30372602877666466,-0.6581164890752567
68.29655359523203,-0.4432822511915103,-0.17294605992342302,-0.8848027140269009,-0.15852957302697002,1.7117084801423434,-0.9332679590731959,-0.02730453950993186
-13.483105373133807,-0.19469729611668168,0.09175248444837286,-0.06418817710849775,1.2958717818630143,0.2522403964266774,0.7450053128772811,-0.7188323876087304
311.36201816414814,0.14693529838668778,3.0768603701805035,-0.5221315700199924,-1.6846675772263868,1.360115900180313,-0.036330608042341735,0.1909165241437107
-225.40419408478888,-1.801057734152739,-0.7877837519082389,-0.5426737997340217,2.2313001461926323,-0.620847598251116,0.5008444749444569,0.6380511014407572
-98.81522038050328,0.2110174672026184,-0.5449190868089497,-0.0967131118703924,1.7547941819843649,0.3991361143520709,1.6964563682900382,-2.081929407883722
185.71287972013562,-1.0496554989099411,1.6406145634882874,1.362562852712452,0.5062409893059261,3.152056734512085,0.5681032051286461,1.4473056993918063
-15.213836508911793,-0.8612842013282637,0.5389100436846587,1.5231240772696573,-0.007972641316617372,-1.0372461543264564,0.0773683076476183,1.479944138890026
84.67470729657522,-2.191253851165281,1.1223742187031596,1.534482101794515,-1.2905614219462187,-0.4597646158304763,1.0965471182302535,-0.14325891536419266
-36.62812894275396,0.3992231226052793,-0.48318646229937395,0.647195939702741,-1.0227925651984056,1.5739867632900328,-1.6685840738775894,-0.2573765374233451
3.149738051677748,-1.3554475031122892,1.953259137526568,-0.7090209576304904,-1.153332403205745,-0.5258796758952039,-1.7938924978678903,-1.6873443471107104
247.04432751328082,1.6435415091205292,1.167509822986446,0.3911278769327262,0.01568223647162434,-0.7239647304677874,1.0230565552522393,1.9002684243109649
-286.09685420098464,-1.880010033907764,-1.883150208058584,0.7127120288613313,2.2816518365388427,-0.3723190529379228,-1.5350402475323597,-0.6176416769336966
210.12363467582844,0.2685922788632569,0.5078357562896237,1.5284684264125317,-0.6435182303801429,0.538296079049633,0.0570131248970845,0.9278401280812372
-104.31649176002752,-1.4974466686057486,-0.30362607289800103,1.3632289751322504,0.061883352887135215,-0.4888861190436912,-0.19024084441321568,-0.9275533308117281
201.795510153004,0.4689780781484677,1.3280568889869675,-0.4919569048694831,-0.3652409774898465,-0.9727645167600008,2.0358735351817927,-1.6711697724940648
35.12955374456072,-0.3240681752089702,0.6802203604766911,0.5914421517518549,0.4042128652773321,0.3074035697196884,0.2270344788648889,0.7158727446909595
108.79694415799185,0.4473939370689756,-0.44854283652786137,-0.5012341077902127,0.3052431265313529,0.2385549537737392,1.4141872883310902,0.5873916998060122
20.989264849226803,0.8331577666294346,0.8642483846986365,-0.6302492950044363,1.5361567728549452,-2.7075438553811773,0.2990857340211059,-0.11131884879780067
-2.501885899217683,1.100959634998571,-1.2295495944524168,1.9583474542205936,-0.9193845915864234,0.4966992232365217,-0.2860042218801108,-2.5302875227463297
9.632449764922413,0.2952799406208684,0.15712791899094086,-0.7764991404930003,0.6460061871145515,0.17618982250269238,2.0420696529278803,-2.3716593608588923
-30.64269722008461,0.5212799050138145,0.16805980596682024,0.3216785413765001,-0.3705827624007829,-0.9951484818533796,-0.7146806769904318,-1.3480471119401671
55.95399410479303,-0.8634936049649341,0.018016872044446585,-0.031203488939083975,-0.3202978045366419,0.4726303458434056,0.36064789143579495,1.6433781558045342
51.90262691878312,1.6350663945275197,-1.0921415934287328,1.3116934492726608,1.310191908080897,-0.25367607754238103,0.9374774925069248,-0.21596052035023225
-138.04238997453524,-0.5878563049080002,-1.133421018292623,0.23061084876621446,0.08747375368073924,0.3499237152493925,-0.7180647836182643,0.23304295152948395
150.3762251269905,-1.0448091940210336,2.0562071299403217,-1.9663565893760016,1.0725073373098022,-1.1032083657216831,-0.8392096673390064,-0.3649527295428853
34.289536749617525,-0.8418216318681523,0.6841632086089545,-2.4353123317828884,1.103217572053658,-0.8147560028235481,0.21896391585597508,1.4419424019526008
3.1477754313427155,0.4802605014059249,0.8227827808340025,-1.0551076754804494,0.035566074032993535,-0.9626510119189764,-1.6313351104170732,0.6523061516102304
-24.7623520965263,-1.3805987058996512,-0.25762048551099404,-0.436155441507485,-0.5894523999387185,-0.06963345330010817,0.8168370114309812,-1.5824279740236398
-40.45088002206643,-1.5958939685741134,0.6523303381766798,-0.7390286580232329,-1.395448504755072,1.4273053642892164,-0.262746747686504,-0.7079109406740753
-96.14330502637051,-2.151815401329305,-0.21113023882769444,-0.7191533192424201,0.8968393158655319,-0.9871795271511841,-0.8911922254152874,-0.2685306479058323
96.15196618140165,1.2888634252063025,-1.3208922825061609,-0.1330031639300636,1.4751123643098556,2.14300705458491,0.21838898754417416,-0.1934276285812056
60.88278512857417,-0.1152242325521976,0.54090851856099,-0.3849428884100812,0.3485951198609804,0.8761691671912328,0.8468821038849139,-0.12517442838316425
2.8941237649885916,1.592669998282884,-1.188963419534962,0.01934407081175429,-3.170425735878056,-0.0498801541281177,-0.4884760801103597,0.21060083929764176
-39.85129567636209,0.9671781224389496,-0.3623475575461023,0.4939773822056448,0.13965368956535082,0.7418222943901266,0.9687698956813532,0.07333674477813668
34.0575540053212,0.8378305352294807,-0.8424326301263264,-0.101994716635932,-1.397805478424297,0.750872779401332,0.1799143695464168,1.2025765052252275
-111.36987941759564,-0.8607291633953384,0.166655817359844,0.6723893376113824,0.6441237678501087,1.180989905305672,-1.7523770951409967,0.08198881382471937
-70.04048006606217,-0.4442932600761116,0.7569886166453519,0.3773004930448522,-0.510016398854747,-0.9221653241776254,-0.9787637157823074,-0.26987493529337125
70.14811850895961,1.5821167513035672,0.12918747333171046,-0.3994654904728529,2.291911266818686,-0.06327395989691588,-1.162065820256283,1.8674620041613508
-28.650976618040282,-0.459656772272997,-0.6135876053627944,-1.0798424477814872,1.1931129458510281,0.1962409406667205,0.9189148546583292,1.021515392781864
-17.605510249386217,0.3015473423336125,-1.168678037619532,-0.03471176970524331,0.06023020994102644,1.1428228145150203,-0.19236096478112247,2.463242112485286
-99.019118310223,0.9261775475316414,-1.3985675738191412,1.9094166404701305,-0.1903386780836082,0.5629692366905709,-1.3827997309643358,-0.8756182533847572
76.03858277546283,-0.049029340838036735,0.33085130461557777,-0.16036008104483074,1.5944423917491968,1.4510014381313359,-0.8124023489374201,0.6789469877622328
-64.2509057347644,0.08840688629184736,-1.1416891141335048,1.4775300810552618,-0.4532280493272752,-0.1936594592797181,0.9553052085705108,0.6963874474567153
-21.424687527036554,0.12354769595558232,-0.5057467042619367,1.9541574337502865,0.6255080168310357,-1.0589075870566005,-0.5923559556520536,0.885231482988991
76.64740469845074,-0.7342333219710379,1.5983218076410333,-0.14152963733784746,-1.2742321190767951,0.7335478135058658,0.4877748210843382,1.0484826510505925
137.66196061503038,-2.1356742139786955,1.0560568090660518,3.1377485336599937,-0.6537663386488198,0.22323891412915967,1.374438093170817,-0.5956612940434921
-140.04075435212388,-0.2817846088605072,-0.9186519464841982,-1.344450511034277,1.5795721457307124,-1.004140766752068,-0.4201868170958573,-0.5228600271532683
-83.44584776248941,-1.4069434005131694,0.11088638282841784,-0.4418489272408239,-1.349773069381231,1.7045920932973768,0.31996519114516303,1.7681692930597834
-176.56025891824424,-0.951184370387956,-1.006927360945144,-0.34182182024613555,1.3451476204524146,0.047825319784682935,-0.4986338957884514,0.35973897512678843
166.6073914341639,1.2525407310292307,0.2724213966536099,-0.7790194215199856,-0.7386974983295628,0.417465089821295,2.0225902305694814,-1.6270049208667487
122.065764011253,-0.009664421313347188,0.4806085933473474,0.8789639730706512,-0.7823539225019935,1.4465632912513675,0.24748054764010466,0.8531653064131918
-50.25254232290825,-1.8799243851390448,0.3896141773709039,1.8709651753717824,1.0213832954293984,-0.8682927318763665,-1.5859833122379583,2.088442772869925
15.976149028057527,1.0470983026121543,-0.45888426286894,1.6839276914578687,-1.2257656630023412,1.0786808334312956,0.22445181855997204,-1.4643748802098202
-28.058998753330545,-0.2081222503572752,-0.5893647569442115,-0.4930009346588328,0.5883172064845765,0.8496020970210246,-0.6226995198205938,0.28099186773503265
-77.0920517257868,-0.6231405264247644,-0.6373871273065177,-0.5554771191602547,2.4553001399108942,1.1890165311075518,-0.5309969550018176,-0.6377399842513161
89.81989489333634,0.28869362927985703,-0.1343087414705478,0.2603218387712207,-0.6706202090766449,0.8108082731597821,-0.2500465145989528,1.3924653000643288
95.78227954237529,1.4621959387176369,0.9619871890718409,0.4486357645145273,0.19484234027013805,-0.2370119700126277,0.2063617713254507,-1.0196953197088567
81.73961790546967,-0.6127886904843862,0.28586539072490497,-0.38770155993598415,-1.515744114997232,0.33445678998702505,1.7958776730955217,1.5475052013300616
150.46750941487042,0.7436517755401733,0.031395865532776436,-0.20487666386471726,1.0469117944881394,1.6075783063995104,-1.3410647133015687,-0.33524408186802673
217.77566660568505,-0.15774698323148525,1.665351917623531,-0.6416668201303823,-0.5655763678739903,-0.8561698406617501,0.718417423471641,-0.4713157211511179
-179.39312352362754,1.0768481446576803,-1.194189401092289,-2.169677417725702,0.8567024802425557,-0.9587784561867748,-0.8051717517428763,1.6773770878054892
-17.93829550395055,0.7690316554422755,-0.0051066320272250216,-0.52738906163962,1.0736219439075716,0.3987637644248143,-0.29786680495686124,-0.6308455507908564
218.76260118524672,1.0666746895891541,1.3821589910375272,1.1692955904456728,1.1087035805829075,0.6487098875896427,0.5072740311072977,0.820482181197364
166.94507388808415,1.4027943109360992,0.5868570938002703,-1.4018510627922809,0.7519330326867741,2.1904556258099785,-0.9093874547947388,0.7910319470430469
31.64506188300122,-0.4545477187434442,-0.09139955750911444,-0.21865327743503601,-1.3367254388759306,-0.08087849786546131,0.13192796677195706,-0.4118233689636573
-43.33952931622713,2.4267164863455224,-1.3776175007542373,0.43295982536069616,-1.2585049106753343,-0.5647740041709423,-0.3084827884558197,-0.2170170504243704
59.16618082812708,0.3912093272373939,-0.01622311759594124,0.5817817706283626,-0.3693187701581889,1.1568337810369889,-0.8178918421385055,-1.5794362987175987
247.73819259190554,1.2744284266875814,1.0984848760518189,-0.17167365392478334,-0.2589387965783906,0.3576613666310894,1.1188945979306693,-0.1878594010087195
2.244267681705072,-0.8161549890280441,0.3019609001717647,-1.4550546050905517,-0.7780947858327143,-0.547407522766873,1.4980976334877842,1.1718101432738448
-55.788023931280186,-1.0701915628943317,-0.8963326585920618,1.719040612841821,0.3601641839457669,0.21930233720043607,0.655403829850237,-0.5376457577798165
19.86156945877349,-1.6158867874104728,0.9324348709546671,0.2996476878373481,-0.6888855425754056,-0.4151002889633696,0.7658782794806148,0.20475888240178414
83.64427060829881,1.1195749114345768,-0.9555404406004258,-0.12791759148076653,0.5765569630557664,-1.6064463202575725,3.0788808084552377,0.3112501545435361
191.88289336773067,1.5587891844968942,1.6296421311127989,-1.5304614097433769,0.23184209213484805,-0.3726755839519746,-0.7773714848459066,1.1460301441420648
127.82242327154353,2.0578111770977623,-0.5151708990920177,-1.4384111667945592,0.06450597286257173,-0.1265188969539503,0.07225204823791581,0.9065441571099638
99.25060385889627,1.8467073257360336,-0.35929209078705954,0.5839281853259639,-0.4894394425182221,0.5906548306923093,0.6818914896263114,1.044160877069072
-226.7745271446664,-0.42688106994742,-1.6548566718657691,-1.0121043752601675,-1.6924646297148194,0.8231705839619146,-0.15800789857898942,1.5295503194606137
-183.2929070601918,-1.876552706041874,-0.6353623888256293,0.6197114459661363,0.21128369227947272,-1.1896666590903613,-0.4919024475062052,1.2000789564268612
-141.56345982630575,-0.5321685631271895,-0.07722104522304557,-0.6073544332122114,0.8407344821295493,0.4258436586298291,-1.2926253471522626,0.2078025073533134
15.324990439312346,0.7346375454593299,-0.2841550979287972,-0.9858038086678268,-0.17909328501615626,1.1947628618769377,0.6928557558178116,0.3958197810959231
-36.433429258965695,-1.4084612963635597,0.6060099513456396,-1.5566291735239035,-0.5227230205190395,-1.2804293524962829,-0.7043436905427592,1.0490092258368893
254.867015887474,0.2567507986617876,1.0306598082415594,-0.0115150880766451,-0.8258327732380476,1.0947985022273252,1.9333597477143567,1.8463959205992482
-21.575944997966925,-0.8877695115385407,-0.2867942357382693,0.9976320769202444,-0.8360621521000247,0.7595148874861078,-0.09170602414512598,1.4244958212469476
154.93261629735608,1.5774532797634744,0.27902152577033923,-0.0952955323869521,-0.30777823495300083,0.6078965097165392,0.2493836837107553,0.21915032766393894
156.33286265986246,0.6188862980231536,0.3813096122647847,1.638359732270941,0.3379575282321183,0.3116528560047783,0.0042298589941515774,0.8913036868697555
44.03136812679257,-0.2949496782920278,-0.6734906242438685,1.2477420726737338,-0.6929051977959073,0.278994162223802,0.8949243769444413,-0.7184072655691974
44.29155600356727,-1.9689231424160831,2.042076040143744,0.10343812930810638,1.2528426344274837,0.2773584619646759,-0.6922503292658964,-0.4482246163001494
18.697394162417172,-0.9181269834165748,-0.3962296781017599,1.2395840064415615,0.07125374991089249,1.0683793336940164,-0.695694877197064,-1.2935076252040958
29.99511517006252,-2.1218548990085946,1.2969945465611092,-0.6078219870944325,1.1398785611290454,-0.02286806229888212,-0.11806852699107875,1.3171150673398653
34.99811581364561,0.6458904202758925,1.25228366195664,-1.0990447515548727,-0.8935150925192802,0.1612995426626951,-1.8734413039546167,0.7978507013821389
4.253880702353463,-0.041337204809170254,-0.8024300398648369,0.01959961657762829,1.1196877785533812,0.5789286485712348,-0.33931118713815905,0.2830531622586537
-386.40358781481314,-1.2203206899439758,-2.832325924984141,-2.017338798122412,-0.6792306531929551,0.8139808601977412,0.5232231857370332,-2.9142559898169416
142.80985550008876,0.07567354061338613,1.2727147339712648,-0.43229517910733023,-0.14365952989711814,-1.1694806292030169,0.03175945658145075,-0.1650805650030461
159.08498199504817,1.0715431522348855,0.9413105807674832,0.19063559126502436,0.19729226563120644,-1.0325239035275395,1.6999573745763803,0.3113086734428849
116.95580909963716,0.6220699903060487,0.3868085206892026,1.3289333195354096,1.4313667818311837,1.0909804251859672,-1.3122191934314065,1.0817667276728289
62.73986220855448,0.7290636450023644,0.34166023195262635,0.3511654676270841,-0.02203486400427045,-0.27131497806829746,-0.18667896231344494,1.1218615047942522
-60.42900567888459,0.6663125009092119,-1.7258067287905967,0.4625912928539512,-1.0858251288851857,-0.6775646523356551,-1.1487940351586559,0.6793732829565033
0.8186255733291783,0.0184183791895517,0.32692737376416264,1.6764373122752827,-1.008086310917404,-0.21910052880886424,-0.3515134840413087,-1.870791921025856
-75.03838898237403,0.020886488295961788,-1.2601647651725802,0.2307009057186835,-1.6431888111541673,-0.6163614080394775,1.6614701657280182,-0.17585440443207118
102.01082726245512,-0.5289467627246989,-0.10609063534142033,0.9573048225935312,1.1013301648895504,1.2334060763526695,2.3246989143234176,0.7163400805404107
17.01270029418427,-0.4519493719118777,-0.0070449854805547,-0.7893385057196743,0.5913492417584003,-0.2156095785680224,-0.195390351177024,-0.7239903317426091
166.90590401134344,0.9715709509543554,1.3686315575323489,0.6453759495851475,2.0607479248819867,-0.9649234605801044,-0.2489641484790735,1.7553408424432044
-166.89660805911188,-0.05843011899748824,-1.0660321716276806,0.8264033173305246,0.5374787046064285,-0.05154220860765155,-0.07749429989298792,-0.5784597288763313
-58.19791542205085,-1.75543789731071,0.473145453267787,-0.6951493580768724,0.14330630500000371,-0.7029114380395675,-0.925392257642956,-0.51590531313234
-204.38318689934403,0.058022734808395225,-2.246889333984605,0.8484308822052846,1.2374381346841392,-0.6067002947652967,-0.042823381311574885,-0.45730165508678994
89.97672976343539,0.2431234585128931,1.3565833858279819,-0.29424250563645765,1.3510728924131392,-0.20035257779416388,-0.06263957732723488,0.8861911885847956
-206.80292698229985,-1.430775102118048,-0.6810516574748808,0.12810441491078928,-0.6763923020592697,0.8406435489887241,-0.04015795064434341,1.8009404329108156
-18.00739952954457,1.3555729357103479,0.5044832563830169,-0.6108576398050658,0.2765815055910488,-1.5630343065712535,-1.5708814571259122,0.008556080824349832
234.8232382518977,1.281016361735113,0.8527736751222195,0.0678555105274033,1.8732977762175456,0.4847328172944748,-0.4473218956587512,1.0800480657146485
-187.04751608946134,-2.2382312333249716,-0.6068651778571754,-2.1207001526350657,-0.6677795564688862,0.4576865860535521,-0.1873290184063747,0.2921927283263732
189.7377980328371,-0.5117635579423034,2.042177910534731,-2.104749505719014,0.008783654898147817,0.15532499919940146,0.07660907045165961,-0.2376833169609843
275.9160498300895,0.6595314695891383,1.0386060692088166,1.7665118003276337,-0.3785797432131542,0.09315833769974234,0.0376965731239229,0.8986691603391742
52.11648687999432,0.14775590740012853,0.2103671135408869,-0.7618246716588487,0.5519642593318276,1.5303345643544108,-0.11447237179886295,-0.3440980282623329
1.8974147687471363,0.06807226924862103,0.5016850451687882,1.0287689914234803,0.8891538247878059,0.2483251425158822,-0.7668640380045524,-1.121751102855888
176.7233668577787,-0.6129832712706895,1.1839874431968893,-0.05704116685294176,0.10705745299229676,0.3418252139549665,0.6879329720514281,-0.3451468811380272
-106.75115590557756,-1.3015879828033312,-0.1248868853500674,-1.8530184828975693,-0.9951739598992374,0.01569779595775838,1.801430099266488,0.5496831862902597
-37.441357430325105,0.2875639051673281,-0.35799043441333583,-1.1640506324058255,0.42243497290143983,-0.8596135138784541,-0.3672039342117483,-0.4661886119462229
-83.27740256819797,-1.0039573720814985,0.06934433703625043,0.207267329398944,-0.08343796979036086,-0.7217375533372533,-0.9218598131253132,-1.44964521969853
-229.98354495914882,1.2024512479830722,-3.1767038131960006,-1.095270518842805,-2.3203155982304238,0.2790838583451852,-0.024232833869692147,0.7826298263165181
15.113693835774438,1.1502673958982959,1.118549944255326,-0.20528401949625125,-0.8515399797793188,-0.526531687096043,-1.5315353152436428,0.0062731561844182855
-47.42312032582046,1.146027575013415,-0.016610342325908987,-2.837506441397379,-0.5123742406766936,-0.10581875749769787,-0.30964971398806124,0.05586393984449697
-174.63163641381692,-0.8927875154918841,0.03471374875256186,0.5136144642310962,-1.60027110450371,-1.9685042134380537,0.15946250680412918,-1.2172826922204794
207.4650975687512,1.6391168054440677,-0.5535882417079946,1.677700814076441,-0.08828204835125482,0.5689830791852754,-0.8036745679697308,2.5797093376543185
199.67711372817539,-0.3150819279089234,1.466782556898976,-0.2414305647249931,-1.0401987109554731,0.5055578532150077,1.4488201083377157,0.6988156702804763
-271.4680639607019,-2.153390113603715,-1.3230897934074983,-0.6389617476895022,1.5945050632249722,1.6420151601363693,-0.9913923494563072,-0.8469613483183278
0.6146189876626966,-0.8984679817910373,-0.009118996644203544,0.02818115736912825,-0.17495975669540864,1.085895565831578,0.5365098435704035,-0.7557451594928447
-91.22930550912596,0.058984221589597374,-0.34254920085776497,0.44687250080269797,-0.6582484123338483,0.1704637709965709,-0.9822940342546796,0.4535087125544674
-106.59098442163118,-2.4980610174929394,0.6089053562546319,0.20045963141372897,-0.6683451948468017,0.2620668090867255,-1.0584406336416528,-0.0610756713523761
-109.43181524716194,0.1390286869531256,-0.92588990389115,-0.04512289032405165,0.08409438825019651,-0.1136666890814354,-0.4448068381704903,0.6909109573921928
102.46524069129559,0.9551423205012384,0.5040465155178444,-0.9857260463355436,-0.5138669173366935,-0.5302576183724408,-0.06267909727317188,-1.0592135218889516
9.97575426200642,0.8095944359718859,0.858139070934016,0.5308943142159493,0.13659739558875236,-0.1231364353522676,-0.7165734884241052,0.02538527797227172
-36.15368279536378,-0.4976725234290394,-0.16825913448754154,-1.2681368049753126,-0.5641961798604865,0.06837156596765875,1.2551457883749038,-1.4940377932897506
84.91521204742328,-0.3863224754471755,1.3897641339463556,-2.2052943727559056,-0.3578279334412669,-1.3452096708086023,0.3018733807210118,2.6378817522602
-124.8259161318737,0.18142662011397134,-0.5574230531083212,0.5950294658355647,-0.7699960661974573,-0.4129978221434341,-0.4561208274741882,-1.2961166642498945
91.55178121589466,-0.33143137128150285,0.8532015450515544,-0.5186667196212101,-0.19578527096858134,0.02943059167755218,0.5704211733607956,-1.0422715880472484
-130.89773165995786,0.22228985580085409,-0.952316380738797,1.2788658133133932,0.4373131870389607,-0.6769951384585313,0.42544486418417227,0.18517553682991408
72.09498530268428,0.6376058122312086,1.1955313880867091,0.2587698052439216,-0.1417575540275386,-1.518969780813315,0.7285186435145362,0.13556341641470915
94.57461258646143,0.3483417392461269,-0.4877053729487446,-0.8978300664256293,-0.9128109192965129,1.0743330047702435,0.3440539215634665,-0.4174303819894322
13.779557657798073,-1.151014083619507,-0.20447122098612155,0.38632331781156004,-2.529560077694303,1.75547569831549,0.241321934916781,-0.29660745906979835
-69.72716559330034,-0.4257556046515905,-0.2617582902210945,0.4504957237780347,0.8567374214704584,0.5559414516458422,0.39457998548421935,0.3980482165092625
-76.51577086347334,0.3185210047988745,-0.6328802748847919,-0.9916966634403104,0.7499002394237105,0.18932830729237413,-0.9509107296872321,0.27926783821652595
-50.86404339831388,-0.7076258948220261,-0.11066536855732943,-0.7121738641760436,-0.6028206557839616,-0.8966422273152082,0.4700441873682021,0.4322629506341555
-1.6054582447169552,-0.01941960588773261,0.7999419019420501,-0.30317978283427544,1.8381836767951223,-1.6163106084365881,-0.3493167961181975,-0.2234659823718521
-172.0234158662056,0.2887280030098363,-1.3331283547778066,-1.1571166187132709,1.149672018878747,-1.551512249058929,1.2676515111879738,0.2965769385303051
86.5977945496698,-1.5004765491630017,1.6722659040975276,-1.4787771238462857,-2.4036686011005304,-0.7373799034979586,0.6722934080404022,1.3924559414830675
4.756008100414544,-0.9824873935383096,0.5500520990245519,-0.2246331499970246,-1.5705006036231768,-0.9683444548636352,0.940771187988216,-0.9896281365703375
-77.57862106135535,0.10420110395187608,-0.7539645888666763,-0.06259312789952241,0.8534155587803077,-0.2806750768667741,0.2811914239693758,0.7589285897867651
-49.29051883398246,-0.07906734186455629,-0.4808337895119794,-0.5791241096357465,-1.4055630538562869,0.696167997159289,0.1986800095474069,-0.9849931258170151
206.02985523032868,1.7586204841951334,0.3891591956679287,0.3721054726068629,1.4641772387524374,-0.053120653017545344,0.2806364044901364,0.996858773465808
93.05035370772528,0.15808922532318442,1.2912738390158789,-0.2775442563155516,0.5457867135323555,0.4217800742508709,-0.008113201611750291,-2.1715714047604475
76.46085106366874,-0.6051562356059974,1.5737342165551065,0.91041849968557,0.415826629455343,0.4566880107303992,1.3633765135383398,-1.2168967103401669
-40.87388328341584,0.3319184477078873,-1.027923765010739,2.935406206388468,0.6149446390313781,-1.7106033544365142,0.8117055716132655,0.509683077242329
-99.35808528630163,-1.0921636327180897,0.9137716213855857,0.8347513263248821,0.4751677464953816,-1.5457297866907331,-0.5892716517893062,-0.002403840918853844
149.030462595807,0.9184544439424138,0.054934110999848726,-1.2457173764463845,-0.4173668136050844,-0.7095798547491726,0.975816719344709,-0.2950899142379063
-141.47319160358646,0.2974620531178165,-0.28483693774220137,0.13949779614745886,0.094621044669358,-0.10619409003975316,-2.5065715705367166,-1.6255440335620608
8.637911469925783,-0.7691423497872982,0.8294748419317485,-0.9399031011088648,0.9375701376265584,-0.19382613877280352,-0.7627247785662142,-1.607559864368974
48.37358046951749,-0.2157871263282196,1.4697842587874956,-1.1777614579913578,-0.26003625018044474,-0.6222702228939959,0.2691809202551599,-0.8800119816907639
-0.727633254901896,-0.19003903500149447,-0.18039168176240786,-0.3574454228104272,0.18474057889572448,1.3728484746765302,0.006799844559997769,2.02360621922964
230.49250499118781,1.1927351654164144,0.7313802525749924,-1.2578681559088878,-0.7280770978553212,0.5904220612514635,0.3123782104665717,0.3733485597113982
118.12389954839176,0.014508999262654138,1.2543383607573395,-1.2361357960304624,-1.0319662838471797,0.7310006267854814,1.2880757248523775,-0.4402592043864004
66.29379274074225,0.2658782296520485,-0.06613261462582246,-0.4367197360405955,0.8823330623234091,2.0997217891665154,-0.4700421477595015,-0.4520903328330804
-167.1685008617356,0.6939232331912581,-1.730262730484345,0.7165893397596517,-1.4785469369987991,1.3338857455005728,-1.4362538649281178,-0.4876334209549628
-226.8914934084573,-0.978372777615032,-1.7025836042378404,0.40825275571447184,-0.5397596803093615,1.0291556373256436,0.19584525509768155,-0.7783047254023127
-86.24910298550172,-0.6065033882157397,-0.4590903102189918,0.4559041951707027,0.10940847183297006,-0.6946003691631446,0.31318447386497994,1.3286408282482312
56.9549339120287,-0.04147177799914767,1.7966652016750169,-1.0990392245318592,0.3824333156925354,-0.8534954800613416,-0.3971153315678528,-1.3121632011955178
92.16095248084835,-0.7280029412291344,1.3748764191481848,-0.18289644110484016,0.6191542610051978,-0.6459641791245353,0.02079370767540789,2.0574954697116987
-162.96053158460225,-1.2291835978004162,0.014149264965758291,1.4521176991825604,0.7918593103880676,-0.5964114079688796,0.8524686434329506,-0.5706404302001128
-166.7503703875639,-1.7312013034449254,0.04132563227061847,1.494938227453236,-0.4114931445621802,0.4430021304473752,-0.03757064497948127,-0.08923415422144892
-54.334915489024354,-1.6885051880684998,0.6709112482768751,-1.1200474224698722,-0.12402138738999705,0.6037905202778941,-0.009844808650383004,-1.0642200068173489
166.70010201170925,0.6927227551168594,1.7025146581296056,-1.2693304965466992,1.7549330716472415,0.202328796422802,0.2252641172475495,0.018401630783438132
-177.46121217771298,0.31917451041918043,-1.8751724696457448,1.3404504460231446,-1.4575514994649306,0.11502607914741715,-0.7521564055905832,-0.30920907704986345
-72.8496516068795,-0.5160447282173739,-0.4622752887050425,0.09612077694098337,0.02831837613046117,-0.4344962274323156,0.9382838059759976,0.02975613949574519
-103.68016479168078,-0.7480960646216471,-0.021244779276242128,-1.9673250642259943,-0.03658997434293117,0.2935375299686405,1.0901834710204468,0.6596499980823705
131.57824190772206,-0.3135296861723979,0.4826878872092127,0.9218015019772522,0.17521141890851205,0.4200944904518413,0.3674816654743044,2.98525900260341
-23.62884810301543,0.9567031863856584,-0.2215132629521239,0.5169465157483709,-1.1511537365528692,-0.02230028371805305,-0.809380821082754,-2.8390786594854265
-44.839681631073326,-1.091933900395313,0.17183933979353122,0.8902475008365087,1.0305805856240573,0.5532512199847837,0.8545252270666157,-0.6578345538521371
34.02134134957125,0.2320946379285372,-0.3421486511272389,0.4988831947682128,2.6669052223200094,0.19507692542260213,1.1166812750675223,0.09715578708624777
-234.98289409490908,-0.2988200890292041,-0.5522612521126086,-0.358244377907508,-0.14945569316498875,-1.097143649628814,-0.4765538014335247,-1.4308312016246718
-176.44375844575907,0.4090649383340571,-1.349925637861273,0.6666278834568907,-0.8059917310594155,-0.4551989048161591,-1.3223474346832955,-0.526555133136702
153.58125844519017,0.06936980265806943,2.392109635273993,0.19259691873130516,0.5648423586001226,-2.0993562644190256,-0.22104246353705054,1.6357978061358152
187.42461187650918,0.4909749516382513,0.6628812686674127,0.7348777860498175,0.28257995048829965,1.173473857485325,1.6073455760199926,-0.2486911261835471
164.16220496787201,0.29815846599052565,1.0581183250871502,0.6386601686431024,0.22899639245934025,0.3676198402097109,0.6032475005713938,-1.8579014513982872
2.9562174106877563,-0.4017950269416337,-1.1536922813398585,0.6813623265753054,-0.5955349351838592,0.7547332980678092,1.6994359830087096,0.9005330773315916
77.98388083924924,0.3287511096596845,0.5132674331133561,-0.5297602037670388,-0.8084936028931876,0.0970775493480404,0.915402117702074,-0.5017570435845365
205.2762891949875,-0.5139006266488432,1.7847750391850947,-1.198951397993876,0.5042878533842724,0.013450364619293009,-0.5070086592700558,0.2909647301374429
-151.7500965515857,-0.9489528277686782,-2.350455852624361,-0.9069028747220609,1.5723982102703271,1.6728682018985301,1.2307029049844702,-0.2821257769339113
-29.672340447792074,-0.9394632419859826,-0.294455757588034,1.119244917564096,0.3090474430326539,1.452755545126183,-0.2357112448566685,-0.6556877194614437
-54.67068693850553,-0.5441140021141926,0.04091917539572113,-0.1627929060722942,0.638391925608383,-1.0021874557814727,0.6031874310823431,-0.3286184757489846
-103.97047194847508,-1.597599169595432,-0.21345677935043825,-0.3270173176097711,1.530195198863351,0.4961991873633163,-0.9245641143781,0.664927162301741
136.9949946317723,-0.8505352787470439,0.2647753109779796,2.485189916678892,0.1786947168104756,1.2753907379990148,0.6030946849488336,1.2292147842970504
-119.9700660282556,-0.31305803052315434,-1.2504077339697175,-0.0007085945766459173,0.4724062778803774,0.6045153263553668,0.35561334878566,1.4841160285359651
-97.3152009160099,-0.8096035199216461,-0.4738393470709161,0.4240610444640897,-0.5924642591528942,-0.014452270878279104,0.2801611588196068,-0.02640575695892703
-27.589850055347103,-0.7393714074590363,0.9500158286696456,1.1918993344135729,0.15776143929376948,0.2430047220543997,-1.4769249275319014,-1.0973683189710666
59.259847047187826,-1.8306328968564567,1.3736585451629575,0.5112025995249807,-2.7032322929992367,-0.13744851462769184,-0.6540756831274238,0.6778753195309076
-131.48627678615492,-0.7493576894227776,-1.176962112769968,-0.22153659758373814,-0.2991817724274345,1.8205439079418155,-0.5844552918504382,0.8089192693927194
115.0278097178129,-0.3732682459413141,0.9282456913443246,0.6445184916452914,-0.3918767653868664,-0.496531735481969,-1.027403551526011,-1.017764309076953
118.79567308197781,1.205994516546816,0.466670981966081,0.7774073527645112,-2.9911359709007237,1.52100622715938,-1.63047324371514,-0.18689615816198485
-144.60287561751096,0.4243939378610126,-2.2168188393540644,1.2795186697601588,0.4347700645568912,0.5027448074908146,-0.7955570679408823,0.4754306825266234
-100.66568470254852,1.235811620006939,-0.5482872964906009,-0.15589817793666752,-0.5358014630522978,0.1600182258527877,-1.1165244399486591,-1.7073579575929467
58.39434861011367,0.3350580290841175,0.4692675898085262,0.3161559571827783,-0.3020454994898642,-1.5355721232071058,0.7318707042882956,-0.3294477863470914
25.94626338275589,0.08450514569286258,0.9235086160473688,0.7979945496122363,-0.014098965906671578,-1.0506233218278012,0.2412402484067293,-0.0626482221218215
104.52817023142202,1.223083067095325,0.3525049683568796,-0.25885440036983165,-0.6085897232397004,-0.5703513664136806,-1.0565576427602528,-0.5289777080640152
-54.43028938420465,0.3038185956048757,-0.23086637384476896,0.7215625051261435,2.3638724946193608,1.4532606633210343,-1.3810446031537749,-0.7859860326349823
-171.11145352692614,0.4254899332402303,-1.3716736972304657,1.197246923645228,-2.049941278577478,-0.7094410024275466,-0.336254738681072,1.1590740649558977
